/*
 Navicat Premium Data Transfer

 Source Server         : 本地
 Source Server Type    : MySQL
 Source Server Version : 50736
 Source Host           : localhost:3306
 Source Schema         : zy-blog

 Target Server Type    : MySQL
 Target Server Version : 50736
 File Encoding         : 65001

 Date: 13/02/2022 22:28:38
*/

SET NAMES utf8mb4;
SET FOREIGN_KEY_CHECKS = 0;

-- ----------------------------
-- Table structure for zy_article
-- ----------------------------
DROP TABLE IF EXISTS `zy_article`;
CREATE TABLE `zy_article`  (
  `id` varchar(255) CHARACTER SET utf8 COLLATE utf8_general_ci NOT NULL COMMENT '文章id',
  `classId` varchar(255) CHARACTER SET utf8 COLLATE utf8_general_ci NULL DEFAULT NULL COMMENT '分类ID',
  `isPublish` int(1) NULL DEFAULT NULL COMMENT '是否发布',
  `classValue` varchar(255) CHARACTER SET utf8 COLLATE utf8_general_ci NULL DEFAULT NULL COMMENT '分类值',
  `className` varchar(255) CHARACTER SET utf8 COLLATE utf8_general_ci NULL DEFAULT NULL COMMENT '分类名称',
  `title` varchar(255) CHARACTER SET utf8 COLLATE utf8_general_ci NULL DEFAULT NULL COMMENT '文章标题',
  `summary` longtext CHARACTER SET utf8 COLLATE utf8_general_ci NULL COMMENT '文章介绍',
  `commentsCount` int(255) NULL DEFAULT NULL COMMENT '评论总数',
  `viewsCount` int(255) NULL DEFAULT NULL COMMENT '热度数量',
  `img` longtext CHARACTER SET utf8 COLLATE utf8_general_ci NULL COMMENT '文章图片',
  `content` longtext CHARACTER SET utf8 COLLATE utf8_general_ci NULL COMMENT '文章内容',
  `isTop` int(1) NULL DEFAULT NULL COMMENT '是否置顶',
  `isHot` int(1) NULL DEFAULT NULL COMMENT '是否火热',
  `pubTime` varchar(255) CHARACTER SET utf8 COLLATE utf8_general_ci NULL DEFAULT NULL COMMENT '发布时间',
  `insertTime` varchar(255) CHARACTER SET utf8 COLLATE utf8_general_ci NULL DEFAULT NULL COMMENT '插入时间',
  `updateTime` varchar(255) CHARACTER SET utf8 COLLATE utf8_general_ci NULL DEFAULT NULL COMMENT '修改时间',
  `catetypeId` varchar(255) CHARACTER SET utf8 COLLATE utf8_general_ci NULL DEFAULT NULL COMMENT '文章类型id',
  PRIMARY KEY (`id`) USING BTREE
) ENGINE = InnoDB CHARACTER SET = utf8 COLLATE = utf8_general_ci ROW_FORMAT = DYNAMIC;

-- ----------------------------
-- Records of zy_article
-- ----------------------------
INSERT INTO `zy_article` VALUES ('0aee5066c079e18ef9e658492d1cc3d2', '9e3a470dc5930039fd08b1abbbaaf3e0', 1, '4', '随笔', 'Express 连接  MySql 公共连接池封装', ' 公共连接池封装 ', 0, 161, 'http://localhost:5220/zy-server/public/images?id=1644655142222f250f577a67bf.jpg', '<pre class=\"language-java\"><code>let $webSqlMap = require(\'../../sqlMap/web\') // sql语句\nlet comMethods = require(\'../../utils/common\') // 引入公共连接池\nlet tools = require(\'../../utils/tools\') // 引入工具模块\n\n/**\n *@author ZY\n *@date 2022/2/12 15:11\n *@Description:web端博文\n */\n//查询文章列表\nexports.webArticleList = async (req, res, next) =&gt; {\n    try {\n        let params = req.body, sql = \'\', total = 0;\n        let queryTotal = $webSqlMap.articleOpt.count + ` WHERE isPublish=1`\n        //多条件查询\n        if (params.params.title) {\n            sql = $webSqlMap.articleOpt.list + ` WHERE isPublish=\'${1}\' AND title=\'${params.params.title}\' ORDER BY ${params.orderBy} ${params.orderType} LIMIT ${params.size} OFFSET ${params.size * (params.current - 1)}`\n        }else {\n            sql = $webSqlMap.articleOpt.list + ` WHERE isPublish=\'${1}\' ORDER BY ${params.orderBy} ${params.orderType} LIMIT ${params.size} OFFSET ${params.size * (params.current - 1)}`\n        }\n        comMethods.queryCount(queryTotal).then(data =&gt; {\n            total = data\n        })\n        comMethods.commonQuery(sql, params).then(data =&gt; {\n            let resData = data || {}\n            resData.total = total\n            res.json(resData)\n        }).catch(err =&gt; {\n            console.log(\'--查询文章列表错误--\', err)\n        })\n\n    } catch (err) {\n        next(err)\n    }\n}\n//查询文章详情\nexports.webArticleDetail = async (req, res, next) =&gt; {\n    try {\n        let params = req.body, sql = $webSqlMap.articleOpt.list + ` WHERE id=\'${params.id}\'`\n\n        comMethods.commonQuery(sql).then(data =&gt; {\n            let resData = data || {}\n            res.json(resData)\n        }).catch(err =&gt; {\n            console.log(\'--查询文章详情错误--\', err)\n        })\n\n    } catch (err) {\n        next(err)\n    }\n}\n//修改文章\nexports.webArticleUpdate = async (req, res, next) =&gt; {\n    try {\n        let params = req.body,\n            sql = $webSqlMap.articleOpt.update,\n            queryClassData = $webSqlMap.articleClassOpt.list + ` WHERE id=\'${params.classId}\'`\n\n        //查询分类数据\n        comMethods.commonQuery(queryClassData).then(data =&gt; {\n            let resData = data || {}\n            if (data.error) {\n                res.json(resData)\n            } else {\n                let updateParams = [\n                    resData.records[0].id,\n                    resData.records[0].className,\n                    resData.records[0].classValue,\n                    params.isPublish,\n                    params.title,\n                    params.summary, 0, 0, params.img,\n                    params.content, params.isTop, params.isHot, params.pubTime,\n                    params.insertTime,\n                    tools.getDate(),\n                    params.id,\n                ]\n                comMethods.commonQuery(sql, updateParams).then(data =&gt; {\n                    let realRes = data || {}\n                    res.json(realRes)\n                })\n            }\n        })\n\n    } catch (err) {\n        next(err)\n    }\n}\n\n</code></pre>', 1, 1, '2022-02-12 13:56:16', '2022-02-12 13:46:04', '2022-02-12 22:11:42', NULL);
INSERT INTO `zy_article` VALUES ('2df8c9315be2732c1e21829df096412b', '5c041d73cd4b0d8a5e63fc71d65c84b8', 1, '3', 'JavaScript', '孩子平时很懂事，很少向我索要礼物，最近孩子想要买一个玩具但价格实在太贵，一个月工资，怎么处理更好？', '孩子平时很懂事，很少向我索要礼物，最近孩子想要买一个玩具但价格实在太贵，一个月工资，怎么处理更好？', 0, 46, 'http://localhost:5220/zy-server/public/images?id=1644655206538658b02c536fb2.jpg', '<div><br />\n<div>\n<blockquote>\n<p data-pid=\"SIMi-LGe\"><strong>在香港，如果条件允许，餐饮、酒吧、茶馆、咖啡厅等尽可能设室外座位，以减少室内集聚。在室外保持隔位距离，缩短停留时间，被感染的机会将大幅降低。</strong></p>\n</blockquote>\n<p data-pid=\"d2E3-N0w\">在香港，<strong>室内外温差相差不大时，应该打开所有室内积聚的公共场所的窗户进行开窗通风</strong>，这样就可以创造一个类似于室外空气流通的室内外通风的室内积聚环境，持续大风量用室外空气置换室内空气，防止室内空气中新冠病毒气溶胶的积累，就可能减少积聚性感染事件的发生。</p>\n<p data-pid=\"aj-yLbP0\">在室内公共积聚场所，除了打开所有窗户进行大风量室内外通风，并且戴好口罩，减少停留时间等必要的措施以外，在有固定座位并且没法戴口罩的室内场所，如餐饮、酒吧、茶馆、咖啡厅等室内场所，能够保障吸入前杀死空气中的新冠病毒，使其不具传染能力，就能大幅度减少积聚时感染新冠肺炎事件发生。</p>\n<p data-pid=\"JLVRCqVm\">在香港，<strong>室内外温差相差不大时，应该打开所有家中的窗户进行开窗通风</strong>，创造一个类似于室外空气流通的室内外通风居家环境，持续大风量用室外空气置换室内空气，防止室内空气中新冠病毒气溶胶的积累，就可能减少家庭感染事件的发生。</p>\n<p data-pid=\"8T_hevOc\"><strong>在任何时候做好个人防疫措施都十分重要，无论你所在的地区有疫情，还是没疫情。个人防疫措施无非就是接种疫苗、戴口罩、勤洗手、勤通风、不集聚、保持社交距离。</strong></p>\n<p data-pid=\"tElijM9U\"><strong>身体有了发热、干咳、乏力等与新冠肺炎症状类似不适，及早就医，既便于感染了新冠病毒早发现、早治疗；也避免把新冠病毒传染给家人、同事；更有利于及早查清传染链，为防疫做贡献。发热、干咳、乏力等症状是官方防疫公布的新冠病毒感染症状。</strong></p>\n</div>\n</div>', 1, 1, '2022-02-11 21:37:13', '2022-02-11 21:36:57', '2022-02-12 17:32:42', NULL);
INSERT INTO `zy_article` VALUES ('5d4968c2cb2b8c90c58fd95506cba45d', '59930dbd9a8201dc84aa5795b624af7f', 1, '1', 'CSS3', 'js数组常用的方法有哪些？', '双重循环 + slice，找出重复的元素。虽然只要求找出重复元素，但应该注意要顺便去重，否则外循环还是会对重复元素进行一遍检查；用 flag 记录重复次数，只在第一次重复的时候将元素放入新数组', 0, 71, 'http://localhost:5220/zy-server/public/images?id=164466183089025c842ff5fae3.jpg', '<h2>前言</h2>\n<p data-pid=\"7u3aXfsA\">数组是 JavaScript 中常见数据类型之一，关于它的一些操作方法，我在这里做一下简单记录和总结。</p>\n<p data-pid=\"i12q6MhT\">今天主要介绍：</p>\n<ul>\n<li data-pid=\"WkfeATxN\">如何找出数组中的重复/非重复元素</li>\n<li data-pid=\"1GnHdzgs\">数组扁平化方法</li>\n</ul>\n<h2>找出数组中的重复元素或非重复元素</h2>\n<p data-pid=\"z0KodDWb\">&nbsp; &nbsp; &nbsp;双重循环 + slice，找出重复的元素。虽然只要求找出重复元素，但应该注意要顺便去重，否则外循环还是会对重复元素进行一遍检查；用 flag 记录重复次数，只在第一次重复的时候将元素放入新数组</p>\n<pre class=\"language-javascript\"><code>function search(arr){\n    let res = []\n    let flag = 0\n    for(let i = 0;i &lt; arr.length;i++){\n        for(let j = i+1;j&lt;arr.length;j++){\n        	if(arr[i] === arr[j]){\n                flag++\n                if(flag == 1) res.push(arr[i])\n                arr.splice(j,1)\n            }    \n        }\n        flag = 0\n    }\n    return res\n}\n</code></pre>\n<div><br />\n<div>\n<p data-pid=\"zTGZSFc_\">map + filter，记录每个元素出现的次数。有了重复次数，就可以筛选出重复元素、重复次数最多元素或者非重复元素：</p>\n<div class=\"highlight\">\n<pre class=\"language-javascript\"><code>function search(arr){\n    const map = new Map()\n    for(item of arr){\n        if(!map.has(item)){\n            map.set(item,1)\n        } else {\n            map.set(item,map.get(item)+1)\n        }\n    }\n    // 找出重复元素，即出现次数大于1\n    return [...map.entries()].filter(item =&gt; item[1] &gt; 1).map(item =&gt; item[0])\n    // 找出非重复元素，即出现次数等于1\n    return [...map.entries()].filter(item =&gt; item[1] == 1).map(item =&gt; item[0])\n    // 找出重复次数最多的元素\n    return [...map.entries()]\n        .filter(item =&gt; item[1] == Math.max(...map.values()))\n    	.map(item =&gt; item[0])\n}</code></pre>\n</div>\n<h2>数组扁平化 / 数组降维</h2>\n<p data-pid=\"LtKZkJtF\"><a class=\"css-1occaib\" href=\"https://www.zhihu.com/search?q=%E4%BA%8C%E7%BB%B4%E6%95%B0%E7%BB%84&amp;search_source=Entity&amp;hybrid_search_source=Entity&amp;hybrid_search_extra=%7B%22sourceType%22%3A%22answer%22%2C%22sourceId%22%3A2337060474%7D\" target=\"_blank\" rel=\"noopener\" data-za-not-track-link=\"true\">二维数组</a>，以 <span style=\"background-color: #f0f0f0;\"><code>[[],[{a:1}],[],[3,4],5]</code></span> 为例，降维后得到 <span style=\"background-color: #ebe6e6;\"><code>[{a:1},3,4,5]</code></span></p>\n<h2>二维数组：双重循环</h2>\n<p data-pid=\"gx1M8DCN\">需要检查是否每个元素都是数组</p>\n<div class=\"highlight\">\n<pre class=\"language-javascript\"><code>function flatten(arr){\n    const res = []\n    for(let i = 0;i &lt; arr.length; i++){\n        if(Array.isArray(arr[i])){\n			for(let j = 0;j &lt; arr[i].length;j++){\n            	res.push(arr[i][j])\n        	}            \n        } else {\n            res.push(arr[i])\n        }      \n    }\n    return res\n}</code></pre>\n</div>\n</div>\n</div>', 1, 1, '2022-02-12 16:54:39', '2022-02-12 16:54:24', '2022-02-12 19:03:04', NULL);
INSERT INTO `zy_article` VALUES ('c49c909ab9692a2e04d4aaeb6b36d20c', '4474eb61ee85e9882d1287a9e1742767', 1, '2', 'Vue.js', '谷爱凌的商业价值到底有多大，是否已经超越巅峰期的刘翔？', '2021~2022赛季自由式滑雪，谷爱凌包揽了所有分站赛冠军，在37天内狂揽6金2银1铜共9枚奖牌。目前代言品牌已达23个，包括：京东、中国移动、雅诗兰黛、元气森林、科勒、维多利亚的秘密以及路易威登、蒂芙尼、IWC万国表等奢侈品牌。如果北京冬奥会谷爱凌顺利夺冠，她的商业价值还会翻倍。', 0, 4, 'http://localhost:5220/zy-server/public/images?id=16446552139286bc28df832637.jpg', '<p>2021~2022赛季自由式滑雪，谷爱凌包揽了所有分站赛冠军，在37天内狂揽6金2银1铜共9枚奖牌。目前代言品牌已达23个，包括：京东、中国移动、雅诗兰黛、元气森林、科勒、维多利亚的秘密以及路易威登、蒂芙尼、IWC万国表等奢侈品牌。如果北京冬奥会谷爱凌顺利夺冠，她的商业价值还会翻倍。</p>\n<p>对比巅峰期的刘翔，2008年奥运前，刘翔身负14个代言，当年收入跃至1.63亿元。当年运动员商业价值仅次于姚主席。</p>\n<p>美少女白皮外貌+北京腔的标签换取了空前的关注度，如果在漂亮国她只是一名滑雪运动员，入籍中国，给她带来了空前的商业名利。</p>\n<p>预祝谷爱凌能够在冬奥赛场顺利夺冠。</p>\n<p>谷爱凌商业价值到底达到哪个高度？是否已经是国内现役排名第一，最终能超越姚明、刘翔、李娜等顶级运动明星？</p>', 0, 1, '2022-02-11 21:33:09', '2022-02-11 21:22:38', '2022-02-12 16:40:15', NULL);
INSERT INTO `zy_article` VALUES ('c4db600ee5d7c3e6a191441bf79aa827', '53955a5a63c4da2d17bd306a5cade40d', 1, '0', '其他', '更广泛的股市大幅', '广泛大使馆犯得上', 0, 23, 'http://localhost:5220/zy-server/public/images?id=1644636864494ade46da3fb7a7.png', '<p><img class=\"wscnph\" style=\"width: 150px; height: 150px;\" src=\"http://localhost:5220/zy-server/public/images?id=1644636895031a6a31bae08a35.png\" /></p>\n<pre class=\"language-javascript\"><code>import React, { Component } from \'react\'\nimport { Shake } from \'reshake\'\n\nclass App extends Component {\n  render () {\n    return (\n      &lt;Shake \n        h={5}\n        v={5}\n        r={3}\n        dur={300}\n        int={10}\n        max={100}\n        fixed={true}\n        fixedStop={false}\n        freez={false}&gt;\n        &lt;h1&gt;&amp;lt;Shake /&amp;gt;&lt;/h1&gt;\n      &lt;/Shake&gt;\n    )\n  }\n}</code></pre>', 1, 1, '2022-02-12 11:30:37', '2022-02-12 11:30:16', '2022-02-12 11:34:59', NULL);
INSERT INTO `zy_article` VALUES ('fdb89f30d1040fb0237e5df5c4be5285', '53955a5a63c4da2d17bd306a5cade40d', 1, '0', '其他', 'Express 连接 MySql 公', '阿德撒旦', 0, 1, 'http://localhost:5220/zy-server/public/images?id=164476229758798307ab1a14b1.jpg', '<p>Express 连接 MySql 公<img src=\"https://cdn.jsdelivr.net/npm/tinymce-all-in-one@4.9.3/plugins/emoticons/img/smiley-kiss.gif\" alt=\"kiss\" /></p>', 1, 1, '2022-02-13 22:25:26', '2022-02-13 22:25:12', '', NULL);

-- ----------------------------
-- Table structure for zy_article_class
-- ----------------------------
DROP TABLE IF EXISTS `zy_article_class`;
CREATE TABLE `zy_article_class`  (
  `id` varchar(255) CHARACTER SET utf8 COLLATE utf8_general_ci NOT NULL COMMENT '分类id',
  `query` varchar(255) CHARACTER SET utf8 COLLATE utf8_general_ci NULL DEFAULT NULL COMMENT '路由参数',
  `path` varchar(255) CHARACTER SET utf8 COLLATE utf8_general_ci NULL DEFAULT NULL COMMENT '前端路径',
  `className` varchar(255) CHARACTER SET utf8 COLLATE utf8_general_ci NULL DEFAULT NULL COMMENT '分类名称',
  `classValue` int(1) NULL DEFAULT NULL COMMENT '分类值',
  `insertTime` varchar(255) CHARACTER SET utf8 COLLATE utf8_general_ci NULL DEFAULT NULL COMMENT '插入时间',
  `updateTime` varchar(255) CHARACTER SET utf8 COLLATE utf8_general_ci NULL DEFAULT NULL COMMENT '更新时间',
  PRIMARY KEY (`id`) USING BTREE
) ENGINE = InnoDB CHARACTER SET = utf8 COLLATE = utf8_general_ci ROW_FORMAT = Dynamic;

-- ----------------------------
-- Records of zy_article_class
-- ----------------------------
INSERT INTO `zy_article_class` VALUES ('4474eb61ee85e9882d1287a9e1742767', 'Vue.js', '/category/', 'Vue.js', 2, '2022-02-11 23:11:54', '2022-02-11 23:17:26');
INSERT INTO `zy_article_class` VALUES ('53955a5a63c4da2d17bd306a5cade40d', '其他', '/category/', '其他', 0, '2022-02-11 23:18:17', '');
INSERT INTO `zy_article_class` VALUES ('59930dbd9a8201dc84aa5795b624af7f', 'CSS3', '/category/', 'CSS3', 1, '2022-02-11 23:16:57', '2022-02-12 13:59:02');
INSERT INTO `zy_article_class` VALUES ('5c041d73cd4b0d8a5e63fc71d65c84b8', 'JavaScript', '/category/', 'JavaScript', 3, '2022-02-11 22:59:57', '2022-02-11 23:17:40');
INSERT INTO `zy_article_class` VALUES ('9e3a470dc5930039fd08b1abbbaaf3e0', '随笔', '/category/', '随笔', 4, '2022-02-12 00:41:44', '2022-02-13 20:36:25');

-- ----------------------------
-- Table structure for zy_comments
-- ----------------------------
DROP TABLE IF EXISTS `zy_comments`;
CREATE TABLE `zy_comments`  (
  `id` varchar(255) CHARACTER SET utf8 COLLATE utf8_general_ci NOT NULL COMMENT '评论ID',
  `postId` varchar(255) CHARACTER SET utf8 COLLATE utf8_general_ci NULL DEFAULT NULL COMMENT '文章ID',
  `parentId` varchar(255) CHARACTER SET utf8 COLLATE utf8_general_ci NULL DEFAULT NULL COMMENT '父级ID',
  `fromUserId` varchar(255) CHARACTER SET utf8 COLLATE utf8_general_ci NULL DEFAULT NULL COMMENT '提交评论的用户ID',
  `fromUserName` varchar(255) CHARACTER SET utf8 COLLATE utf8_general_ci NULL DEFAULT NULL COMMENT '提交评论的用户名称',
  `fromUserAvatar` longtext CHARACTER SET utf8 COLLATE utf8_general_ci NULL COMMENT '提交评论的用户头像',
  `content` longtext CHARACTER SET utf8 COLLATE utf8_general_ci NULL COMMENT '评论内容',
  `toUserId` varchar(255) CHARACTER SET utf8 COLLATE utf8_general_ci NULL DEFAULT NULL COMMENT '回复对象ID',
  `toUserName` varchar(255) CHARACTER SET utf8 COLLATE utf8_general_ci NULL DEFAULT NULL COMMENT '回复对象名称',
  `toUserAvatar` varchar(255) CHARACTER SET utf8 COLLATE utf8_general_ci NULL DEFAULT NULL COMMENT '回复对象头像',
  `createTime` varchar(255) CHARACTER SET utf8 COLLATE utf8_general_ci NULL DEFAULT NULL COMMENT '创建时间',
  `updateTime` varchar(255) CHARACTER SET utf8 COLLATE utf8_general_ci NULL DEFAULT NULL COMMENT '更新时间',
  PRIMARY KEY (`id`) USING BTREE
) ENGINE = InnoDB CHARACTER SET = utf8 COLLATE = utf8_general_ci ROW_FORMAT = Dynamic;

-- ----------------------------
-- Records of zy_comments
-- ----------------------------
INSERT INTO `zy_comments` VALUES ('084b2f625343ebee798d553e1d1840be', 'c49c909ab9692a2e04d4aaeb6b36d20c', '0', '9a0b00819039904094da88931978380b', '匿名', 'http://localhost:5220/zy-server/public/images?id=164466183089025c842ff5fae3.jpg', '<img data-v-7c9572d1=\"\" width=\"20\" height=\"20\" src=\"data:image/svg+xml;base64,PHN2ZyB4bWxucz0iaHR0cDovL3d3dy53My5vcmcvMjAwMC9zdmciIHZpZXdCb3g9IjAgMCAzNiAzNiI+PHBhdGggZmlsbD0iI0ZGQ0M0RCIgZD0iTTM2IDE4YzAgOS45NDEtOC4wNTkgMTgtMTggMTgtOS45NCAwLTE4LTguMDU5LTE4LTE4QzAgOC4wNiA4LjA2IDAgMTggMGM5Ljk0MSAwIDE4IDguMDYgMTggMTgiLz48ZWxsaXBzZSBmaWxsPSIjNjY0NTAwIiBjeD0iMTEuNSIgY3k9IjE2LjUiIHJ4PSIyLjUiIHJ5PSIzLjUiLz48cGF0aCBmaWxsPSIjNjY0NTAwIiBkPSJNMjguNDU3IDE3Ljc5N2MtLjA2LS4xMzUtMS40OTktMy4yOTctNC40NTctMy4yOTctMi45NTcgMC00LjM5NyAzLjE2Mi00LjQ1NyAzLjI5Ny0uMDkyLjIwNy0uMDMyLjQ0OS4xNDUuNTkxLjE3NS4xNDIuNDI2LjE0Ny42MS4wMTQuMDEyLS4wMDkgMS4yNjItLjkwMiAzLjcwMi0uOTAyIDIuNDI2IDAgMy42NzQuODgxIDMuNzAyLjkwMS4wODguMDY2LjE5NC4wOTkuMjk4LjA5OS4xMSAwIC4yMjEtLjAzNy4zMTItLjEwOS4xNzctLjE0Mi4yMzgtLjM4Ni4xNDUtLjU5NHpNNS45OTkgMTIuNDU4Yy0uMjA4IDAtLjQxOS0uMDY1LS41OTktLjItLjQ0Mi0uMzMxLS41MzEtLjk1OC0uMi0xLjQgMy4yNjItNC4zNSA3LjYxNi00LjQgNy44LTQuNC41NTIgMCAxIC40NDggMSAxIDAgLjU1MS0uNDQ1Ljk5OC0uOTk2IDEtLjE1Ni4wMDItMy41NjkuMDg2LTYuMjA1IDMuNi0uMTk1LjI2Mi0uNDk2LjQtLjguNHptMjMuMDAyIDIuMTI1Yy0uMzA1IDAtLjYwNC0uMTM4LS44MDEtLjQtMi41OTItMy40NTctNi45NjEtMi42MjctNy4wMDQtMi42Mi0uNTQ3LjEwOC0xLjA2OC0uMjQzLTEuMTc3LS43ODQtLjEwOC0uNTQyLjI0My0xLjA2OC43ODQtMS4xNzcuMjMxLS4wNDcgNS42NTctMS4wNzIgOC45OTYgMy4zOC4zMzIuNDQyLjI0MiAxLjA2OS0uMiAxLjQtLjE3OS4xMzctLjM4OS4yMDEtLjU5OC4yMDF6bS01Ljc0NyA4Ljk5NGMtLjE4OC0uMTEtLjQzMi0uMDg3LS41OTcuMDYtLjAxLjAwOC0xLjAxMy44NjMtNC42NTcuODYzLTMuNjQxIDAtNC42NDYtLjg1NC00LjY0Ni0uODU0LS4xNTktLjE2LS40MDQtLjE5LS42LS4wODItLjE5NS4xMTEtLjI5My4zMzktLjIzOC41NTcuMDEuMDQ0IDEuMTQ0IDQuMzc5IDUuNDg0IDQuMzc5czUuNDc0LTQuMzM1IDUuNDg1LTQuMzc5Yy4wNTMtLjIxMy0uMDQ0LS40MzEtLjIzMS0uNTQ0eiIvPjwvc3ZnPg==\" alt=\"\" class=\"emoji-icon\" style=\"vertical-align: text-top;\">', '', '', '', '2022-02-13 20:22:19', '');
INSERT INTO `zy_comments` VALUES ('0a50c650804785b59af2cd9638250590', '2df8c9315be2732c1e21829df096412b', '6adc16c29c3e7e96ca93369eac77960a', '2a57f94bc002100a18b903e79d23cc01', '匿名2', 'http://localhost:5220/zy-server/public/images?id=164466183089025c842ff5fae3.jpg', '犯得上反对', 'f0b34fd30a010627fc8fd954542fdf7d', '匿名2', 'http://localhost:5220/zy-server/public/images?id=164466183089025c842ff5fae3.jpg', '2022-02-13 19:20:23', '');
INSERT INTO `zy_comments` VALUES ('0aeb0cccac989b3c0513532bcebb7437', '2df8c9315be2732c1e21829df096412b', 'e90b09e248383264da2ec7b04899c034', '9783dab4a613eaed8a6157cd926c79db', '匿名2', 'http://localhost:5220/zy-server/public/images?id=164466183089025c842ff5fae3.jpg', '幅度萨芬', '7d73827b604d6da756397fb569ea63c7', '匿名', 'http://localhost:5220/zy-server/public/images?id=164466183089025c842ff5fae3.jpg', '2022-02-13 19:22:57', '');
INSERT INTO `zy_comments` VALUES ('0c4fa7e6ec1c7cf29dc1f49e1a4471a0', 'c4db600ee5d7c3e6a191441bf79aa827', '1c75351cb0fc8c6a439ff82763185987', 'f49f15ac1a119e51da153a89a207a57f', '匿名2', 'http://localhost:5220/zy-server/public/images?id=164466183089025c842ff5fae3.jpg', '这个我以为知道啊，你以为哦哦哦哦哦哦哦', 'b3cc5dfc80a9bb194ca2d496ab6bd2aa', '匿名', 'http://localhost:5220/zy-server/public/images?id=164466183089025c842ff5fae3.jpg', '2022-02-13 17:56:05', '');
INSERT INTO `zy_comments` VALUES ('1043a9d574fe31e31f3ca0532d981e6f', NULL, '41f32257b6689ced2c3febafd2d22af0', '09f3de56da7dbbdc04e7830c34566ebd', '匿名2', 'http://localhost:5220/zy-server/public/images?id=164466183089025c842ff5fae3.jpg', '广泛大锅饭大概<img data-v-7c9572d1=\"\" width=\"20\" height=\"20\" src=\"data:image/svg+xml;base64,PHN2ZyB4bWxucz0iaHR0cDovL3d3dy53My5vcmcvMjAwMC9zdmciIHZpZXdCb3g9IjAgMCAzNiAzNiI+PHBhdGggZmlsbD0iI0ZGQ0M0RCIgZD0iTTM2IDE4YzAgOS45NDEtOC4wNTkgMTgtMTggMTgtOS45NCAwLTE4LTguMDU5LTE4LTE4QzAgOC4wNiA4LjA2IDAgMTggMGM5Ljk0MSAwIDE4IDguMDYgMTggMTgiLz48cGF0aCBmaWxsPSIjNjY0NTAwIiBkPSJNMjguNDU3IDE3Ljc5N2MtLjA2LS4xMzUtMS40OTktMy4yOTctNC40NTctMy4yOTctMi45NTcgMC00LjM5NyAzLjE2Mi00LjQ1NyAzLjI5Ny0uMDkyLjIwNy0uMDMyLjQ0OS4xNDUuNTkxLjE3NS4xNDIuNDI2LjE0Ny42MS4wMTQuMDEyLS4wMDkgMS4yNjItLjkwMiAzLjcwMi0uOTAyIDIuNDI2IDAgMy42NzQuODgxIDMuNzAyLjkwMS4wODguMDY2LjE5NC4wOTkuMjk4LjA5OS4xMSAwIC4yMjEtLjAzNy4zMTItLjEwOS4xNzctLjE0Mi4yMzgtLjM4Ni4xNDUtLjU5NHptLTEyIDBjLS4wNi0uMTM1LTEuNDk5LTMuMjk3LTQuNDU3LTMuMjk3LTIuOTU3IDAtNC4zOTcgMy4xNjItNC40NTcgMy4yOTctLjA5Mi4yMDctLjAzMi40NDkuMTQ0LjU5MS4xNzYuMTQyLjQyNy4xNDcuNjEuMDE0LjAxMy0uMDA5IDEuMjYyLS45MDIgMy43MDMtLjkwMiAyLjQyNiAwIDMuNjc0Ljg4MSAzLjcwMi45MDEuMDg4LjA2Ni4xOTQuMDk5LjI5OC4wOTkuMTEgMCAuMjIxLS4wMzcuMzEyLS4xMDkuMTc4LS4xNDIuMjM3LS4zODYuMTQ1LS41OTR6TTE4IDIyYy0zLjYyMyAwLTYuMDI3LS40MjItOS0xLS42NzktLjEzMS0yIDAtMiAyIDAgNCA0LjU5NSA5IDExIDkgNi40MDQgMCAxMS01IDExLTkgMC0yLTEuMzIxLTIuMTMyLTItMi0yLjk3My41NzgtNS4zNzcgMS05IDF6Ii8+PHBhdGggZmlsbD0iI0ZGRiIgZD0iTTkgMjNzMyAxIDkgMSA5LTEgOS0xLTIgNC05IDQtOS00LTktNHoiLz48L3N2Zz4=\" alt=\"\" class=\"emoji-icon\" style=\"vertical-align: text-top;\">', 'f22ca83f941a1afd0b69c855c0692477', '匿名', 'http://localhost:5220/zy-server/public/images?id=164466183089025c842ff5fae3.jpg', '2022-02-13 17:50:10', '');
INSERT INTO `zy_comments` VALUES ('12d25c38d335cce7a3cee61e08ff9af3', 'c4db600ee5d7c3e6a191441bf79aa827', 'c40f484a25a7818bb09db0f7b8f76e4c', '71b8b5b152af7fb1327d76ae6aad68d5', '匿名2', 'http://localhost:5220/zy-server/public/images?id=164466183089025c842ff5fae3.jpg', '犯得上反对', 'eafcdaa7f82ba60949248fb9220c7a06', '匿名', 'http://localhost:5220/zy-server/public/images?id=164466183089025c842ff5fae3.jpg', '2022-02-13 17:54:42', '');
INSERT INTO `zy_comments` VALUES ('1a1ca3813627b133753b16f0ccf0aa14', '0aee5066c079e18ef9e658492d1cc3d2', '0', 'bb1f018994fbdcd2755e1b835d5240d7', '匿名', 'http://localhost:5220/zy-server/public/images?id=164466183089025c842ff5fae3.jpg', '<p style=\"margin-bottom: 1.25rem; color: rgb(33, 37, 41); font-family: system-ui, -apple-system, &quot;Segoe UI&quot;, Roboto, &quot;Helvetica Neue&quot;, Arial, &quot;Noto Sans&quot;, &quot;Liberation Sans&quot;, sans-serif, &quot;Apple Color Emoji&quot;, &quot;Segoe UI Emoji&quot;, &quot;Segoe UI Symbol&quot;, &quot;Noto Color Emoji&quot;; font-size: 16px; font-style: normal; font-variant-ligatures: normal; font-variant-caps: normal; font-weight: 400; letter-spacing: normal; background-color: rgb(255, 255, 255);\">观察者模式是运用在一些有一对多关系的场景中，一个对象有了一些改变，其他依赖于该对象的对象也要做一些动作。</p><p style=\"margin-bottom: 1.25rem; color: rgb(33, 37, 41); font-family: system-ui, -apple-system, &quot;Segoe UI&quot;, Roboto, &quot;Helvetica Neue&quot;, Arial, &quot;Noto Sans&quot;, &quot;Liberation Sans&quot;, sans-serif, &quot;Apple Color Emoji&quot;, &quot;Segoe UI Emoji&quot;, &quot;Segoe UI Symbol&quot;, &quot;Noto Color Emoji&quot;; font-size: 16px; font-style: normal; font-variant-ligatures: normal; font-variant-caps: normal; font-weight: 400; letter-spacing: normal; background-color: rgb(255, 255, 255);\">比如，上课，老师提了一个问题，所有会这道问题的学生都解答这个问题。其中老师就是主对象，老师提问就是状态改变，学生是依赖于老师的对象，学生回答问题就是针对老师提问这个状态所做的改变。</p><p style=\"margin-bottom: 1.25rem; color: rgb(33, 37, 41); font-family: system-ui, -apple-system, &quot;Segoe UI&quot;, Roboto, &quot;Helvetica Neue&quot;, Arial, &quot;Noto Sans&quot;, &quot;Liberation Sans&quot;, sans-serif, &quot;Apple Color Emoji&quot;, &quot;Segoe UI Emoji&quot;, &quot;Segoe UI Symbol&quot;, &quot;Noto Color Emoji&quot;; font-size: 16px; font-style: normal; font-variant-ligatures: normal; font-variant-caps: normal; font-weight: 400; letter-spacing: normal; background-color: rgb(255, 255, 255);\">弄清楚这个原理，我们来看看怎么用代码实现。</p><p style=\"margin-bottom: 1.25rem; color: rgb(33, 37, 41); font-family: system-ui, -apple-system, &quot;Segoe UI&quot;, Roboto, &quot;Helvetica Neue&quot;, Arial, &quot;Noto Sans&quot;, &quot;Liberation Sans&quot;, sans-serif, &quot;Apple Color Emoji&quot;, &quot;Segoe UI Emoji&quot;, &quot;Segoe UI Symbol&quot;, &quot;Noto Color Emoji&quot;; font-size: 16px; font-style: normal; font-variant-ligatures: normal; font-variant-caps: normal; font-weight: 400; letter-spacing: normal; background-color: rgb(255, 255, 255);\">我们可以创建一个对象帮我们监控主对象得改变，而且要通知订阅了主对象改变这个时间的依赖对象做出相应，还以上面老师提问学生答为例，我们创一个Observer的对象，它得能帮学生去订阅老师提问某个问题，也得能帮老师发出提问得消息，而且既然有订阅，就得有解除订阅，所以得有一个解除订阅得方法，基于这个思路，我们设计的Observer差不多就是以下这个样子：</p>', '', '', '', '2022-02-13 17:38:34', '');
INSERT INTO `zy_comments` VALUES ('1c75351cb0fc8c6a439ff82763185987', 'c4db600ee5d7c3e6a191441bf79aa827', '0', 'b3cc5dfc80a9bb194ca2d496ab6bd2aa', '匿名', 'http://localhost:5220/zy-server/public/images?id=164466183089025c842ff5fae3.jpg', '官方电视里看过好地方', '', '', '', '2022-02-13 17:55:48', '');
INSERT INTO `zy_comments` VALUES ('225fabfcd9a3be642c4a94cae80a5e5f', '5d4968c2cb2b8c90c58fd95506cba45d', '5f5ecfa4519ccc77e50d67b24326f3f7', '16179fcb7c21659e6a81efaa2afc4b5a', '匿名2', 'http://localhost:5220/zy-server/public/images?id=164466183089025c842ff5fae3.jpg', '<img data-v-7c9572d1=\"\" width=\"20\" height=\"20\" src=\"data:image/svg+xml;base64,PHN2ZyB4bWxucz0iaHR0cDovL3d3dy53My5vcmcvMjAwMC9zdmciIHZpZXdCb3g9IjAgMCAzNiAzNiI+PHBhdGggZmlsbD0iI0ZGREM1RCIgZD0iTTUgMjFjMCAyLjIwOS0xLjExOSA0LTIuNSA0UzAgMjMuMjA5IDAgMjFzMS4xMTktNCAyLjUtNFM1IDE4Ljc5MSA1IDIxeiIvPjxwYXRoIGZpbGw9IiNGRkRDNUQiIGQ9Ik0zIDE4LjU2MkMzIDEwLjAzNyA4LjM3MyAzLjEyNSAxNSAzLjEyNXMxMiA2LjkxMiAxMiAxNS40MzhDMjcgMjcuMDg4IDIxLjYyNyAzNCAxNSAzNFMzIDI3LjA4OCAzIDE4LjU2MnoiLz48cGF0aCBmaWxsPSIjREQyRTQ0IiBkPSJNMjAgMGMtLjI0OSAwLS40NzguMDA3LS43MTMuMDEyQzE5LjE5LjAxIDE5LjA5NyAwIDE5IDAgOSAwIDIgNC41ODIgMiA5czYuMzczIDQgMTMgNGM0LjQ0MiAwIDcuNjQ4IDAgOS45NjYtLjA4NkwyNSAxM2w2IDE1aDJzLjM0My0zLjA1NSAxLTdjMS02IC41MzMtMjEtMTQtMjF6Ii8+PHBhdGggZmlsbD0iI0ZGREM1RCIgZD0iTTMwIDIxYzAgMi4yMDktMS4xMTkgNC0yLjUgNFMyNSAyMy4yMDkgMjUgMjFzMS4xMTktNCAyLjUtNCAyLjUgMS43OTEgMi41IDR6Ii8+PHBhdGggZmlsbD0iIzY2MjExMyIgZD0iTTEwIDIxYy0uNTUyIDAtMS0uNDQ3LTEtMXYtMmMwLS41NTIuNDQ4LTEgMS0xczEgLjQ0OCAxIDF2MmMwIC41NTMtLjQ0OCAxLTEgMXptMTAgMGMtLjU1MyAwLTEtLjQ0Ny0xLTF2LTJjMC0uNTUyLjQ0Ny0xIDEtMXMxIC40NDggMSAxdjJjMCAuNTUzLS40NDcgMS0xIDF6Ii8+PHBhdGggZmlsbD0iI0I3NzU1RSIgZD0iTTE2IDI2aC0yYy0uNTUyIDAtMS0uNDQ3LTEtMXMuNDQ4LTEgMS0xaDJjLjU1MiAwIDEgLjQ0NyAxIDFzLS40NDggMS0xIDF6Ii8+PHBhdGggZmlsbD0iI0U2RTdFOCIgZD0iTTI3IDI1YzAtMi0yLjI5My0uNzA3LTMgMC0xIDEtMyAzLTUgMi0yLjgyOC0xLjQxNC00LTEtNC0xcy0xLjE3MS0uNDE0LTQgMWMtMiAxLTQtMS01LTItLjcwNy0uNzA3LTMtMi0zIDBzMSAyIDEgMmMtMSAyIDEgMyAxIDMgMCAzIDMgMyAzIDMgMCAzIDQgMiA0IDIgMSAxIDMgMSAzIDFzMiAwIDMtMWMwIDAgNCAxIDQtMiAwIDAgMyAwIDMtMyAwIDAgMi0xIDEtMyAwIDAgMSAwIDEtMnoiLz48cGF0aCBmaWxsPSIjRkZEQzVEIiBkPSJNMTUgMjhjNyAwIDQgMiAwIDJzLTctMiAwLTJ6Ii8+PGVsbGlwc2UgZmlsbD0iI0QxRDNENCIgY3g9IjMiIGN5PSIxNCIgcng9IjIiIHJ5PSI0Ii8+PGVsbGlwc2UgZmlsbD0iI0QxRDNENCIgY3g9IjI2IiBjeT0iMTQiIHJ4PSIyIiByeT0iNCIvPjxjaXJjbGUgZmlsbD0iI0YxRjJGMiIgY3g9IjMyIiBjeT0iMjkiIHI9IjQiLz48cGF0aCBmaWxsPSIjRjFGMkYyIiBkPSJNMjkgMTJjMCAxLjEwNC0uODk2IDItMiAySDJjLTEuMTA0IDAtMi0uODk2LTItMnYtMWMwLTEuMTA0Ljg5Ni0yIDItMmgyNWMxLjEwNCAwIDIgLjg5NiAyIDJ2MXoiLz48L3N2Zz4=\" alt=\"\" class=\"emoji-icon\" style=\"vertical-align: text-top;\">', '0412590b3dc8f205449ef7aaf4bb8615', '匿名', 'http://localhost:5220/zy-server/public/images?id=164466183089025c842ff5fae3.jpg', '2022-02-13 17:57:03', '');
INSERT INTO `zy_comments` VALUES ('32f1fa5d0aaee3b3c7bd9da29f53db87', '0aee5066c079e18ef9e658492d1cc3d2', '0', '2a423378edb02676c921ac35bd317e57', '匿名', 'http://localhost:5220/zy-server/public/images?id=164466183089025c842ff5fae3.jpg', '梵蒂冈犯得上广泛大使馆', '', '', '', '2022-02-13 17:37:33', '');
INSERT INTO `zy_comments` VALUES ('3691c5d490fc1d3667c0cdf53ff8b6ca', '0aee5066c079e18ef9e658492d1cc3d2', '0', 'bb9ebfe533150031b78d95959524f0f1', '匿名', 'http://localhost:5220/zy-server/public/images?id=164466183089025c842ff5fae3.jpg', '<div>观察者模式是运用在一些有一对多关系的场景中，一个对象有了一些改变，其他依赖于该对象的对象也要做一些动作。</div><div><br></div><div>比如，上课，老师提了一个问题，所有会这道问题的学生都解答这个问题。其中老师就是主对象，老师提问就是状态改变，学生是依赖于老师的对象，学生回答问题就是针对老师提问这个状态所做的改变。</div><div><br></div><div>弄清楚这个原理，我们来看看怎么用代码实现。</div><div><br></div><div>我们可以创建一个对象帮我们监控主对象得改变，而且要通知订阅了主对象改变这个时间的依赖对象做出相应，还以上面老师提问学生答为例，我们创一个Observer的对象，它得能帮学生去订阅老师提问某个问题，也得能帮老师发出提问得消息，而且既然有订阅，就得有解除订阅，所以得有一个解除订阅得方法，基于这个思路，我们设计的Observer差不多就是以下这个样子：</div>', '', '', '', '2022-02-13 17:38:56', '');
INSERT INTO `zy_comments` VALUES ('370e01784d5196ca8b24763d45a1a6c8', 'c4db600ee5d7c3e6a191441bf79aa827', '0', 'da9aef6220ed2d8fb94e9b7f8c377479', '匿名', 'http://localhost:5220/zy-server/public/images?id=164466183089025c842ff5fae3.jpg', '<img data-v-7c9572d1=\"\" width=\"20\" height=\"20\" src=\"data:image/svg+xml;base64,PHN2ZyB4bWxucz0iaHR0cDovL3d3dy53My5vcmcvMjAwMC9zdmciIHZpZXdCb3g9IjAgMCAzNiAzNiI+PHBhdGggZmlsbD0iI0JFMTkzMSIgZD0iTTM1Ljg4NSAxMS44MzNjMC01LjQ1LTQuNDE4LTkuODY4LTkuODY3LTkuODY4LTMuMzA4IDAtNi4yMjcgMS42MzMtOC4wMTggNC4xMjktMS43OTEtMi40OTYtNC43MS00LjEyOS04LjAxNy00LjEyOS01LjQ1IDAtOS44NjggNC40MTctOS44NjggOS44NjggMCAuNzcyLjA5OCAxLjUyLjI2NiAyLjI0MUMxLjc1MSAyMi41ODcgMTEuMjE2IDMxLjU2OCAxOCAzNC4wMzRjNi43ODMtMi40NjYgMTYuMjQ5LTExLjQ0NyAxNy42MTctMTkuOTU5LjE3LS43MjEuMjY4LTEuNDY5LjI2OC0yLjI0MnoiLz48L3N2Zz4=\" alt=\"\" class=\"emoji-icon\" style=\"vertical-align: text-top;\"><img data-v-7c9572d1=\"\" width=\"20\" height=\"20\" src=\"data:image/svg+xml;base64,PHN2ZyB4bWxucz0iaHR0cDovL3d3dy53My5vcmcvMjAwMC9zdmciIHZpZXdCb3g9IjAgMCAzNiAzNiI+PHBhdGggZmlsbD0iI0VGOTY0NSIgZD0iTTguOTE2IDIzLjg5MXMxLjczNy4xMDkgMS45NC0xLjgwOGwuMDE2LTQuMTYxLjEyOC0uMDA1di0uOTZjMC0uOTUyLjU3Mi0xLjc2OSAxLjM4OS0yLjEzMy0uMjQyLjMzMS0uMjgzIDcuMTc2LS4yODMgNy4xNzYgMCAxLjEwNC43ODkgMS44OTEgMS44OTQgMS44OTEuNzU1IDAgMS4yNjUtLjMxNCAxLjYwNi0uOTMyLS40NTgtLjUyNi0uNzM0LTEuMjA2LS43MzQtMS45NTkgMC0xLjMxMi43ODEtMi4xNDEgMS4xMjgtMi4yMjIgMCAwIC4wNTYtLjA3LjA4Mi0uMDg0LjM2OC0uMzA2LjgwNC0uNTM1IDEuMjkxLS42MzRsLjAyLjAwMS4yNjEtLjE1NWg2LjkyOGMxLjMwNiAwIDEuNTU4LjQ4NiAxLjUzOC40NzVsLjAyLjAxMWMuNTkxLjMwNSAxLjA3Ni43NzMgMS40MDQgMS4zNS0uMDI1LS4wMzEtLjY4MS0uNjMzLTEuNTQzLS42MzNzLTgtLjA0Ny04LS4wNDdjLTEuMTA0IDAtMS45MjUuODMzLTEuOTI1IDEuOTM4cy44MiAxLjkyMiAxLjkyNSAxLjkyMmw1LjUtLjAxNmMuMjc2IDAgLjU5MS4zMTcuNTkxLjU5NCAwIC4yNzYtLjMxNC41NzgtLjU5MS41NzggMCAwLTEuNTU4LS4wNjktMi44NDcgMS4yNS0xLjIwOSAxLjIzOC0yLjA3OCAzLjgwMy0yLjA3OCA1LjY3MiAwIC4yNzYtLjI5OS41NzgtLjU3NS41NzhzLS41ODItLjMwMi0uNTgyLS41NzhjMC0zLjAxLjk0MS01LjUyNSAyLjc1LTYuODkxSDE4Yy0xIDAtMS4yNzMtLjI0NC0xLjQ3NC0uMzU5LjAwMS4wMDEtLjcwMSAxLjM1OS0yLjUyNiAxLjM1OS0uMjM3IDAtMS42MjgtLjA0Ny0yLjQ4Ny0xLjI2Ni0xLjEyNSAxLjQyMi0yLjU3NSAxLjI2Ni0yLjU3NSAxLjI2Ni0uNzMzIDAtMS41NjYtLjMyOC0xLjkxLS44MzNDNy4wMTUgMjQuMTg1IDcgMjQuMDk1IDcgMjR2LTEuOTE3YzAgMS4wNTkuODU3IDEuODA4IDEuOTE2IDEuODA4eiIvPjxwYXRoIGZpbGw9IiNGRkRDNUQiIGQ9Ik0yNC41ODEgMThIMThjLS4yMDggMC0uNDExLjAyMS0uNjA3LjA2MWwtLjA3My0uMjc4LTMuMjczLTEyLjQ2NHMtLjQxNi0xLjk1NyAxLjU0LTIuMzcyYzEuOTU2LS40MTYgMi4zNzIgMS41NCAyLjM3MiAxLjU0bDMuMDk3IDExLjU2OWMuNDQ2LjAyNC44NzguMDYzIDEuMzA1LjEwN2wyLjA2MS0xMC41MTJzLjE4OC0xLjk5MSAyLjE4LTEuODA0YzEuOTkxLjE4OCAxLjgwMyAyLjE3OSAxLjgwMyAyLjE3OUwyNi4zNCAxNy4xODdsLS4yMjEgMS4xOTRjLS40NjQtLjIzNS0uOTgyLS4zODEtMS41MzgtLjM4MXpNOC45MTYgMTZoLjE2OGMxLjA1OSAwIDEuOTE2Ljg1OCAxLjkxNiAxLjkxN3Y0LjE2NkMxMSAyMy4xNDIgMTAuMTQzIDI0IDkuMDg0IDI0aC0uMTY4QzcuODU3IDI0IDcgMjMuMTQyIDcgMjIuMDgzdi00LjE2NkM3IDE2Ljg1OCA3Ljg1NyAxNiA4LjkxNiAxNnpNMTUgMjFjMCAuNzUzLjI4NyAxLjQzMy43NDUgMS45NTlDMTUuNDA0IDIzLjU3NiAxNC43NTUgMjQgMTQgMjRjLTEuMTA0IDAtMi0uODk2LTItMnYtNmMwLS40NDEuMTQ3LS44NDUuMzg5LTEuMTc2LjM2NC0uNDk3Ljk0Ny0uODI0IDEuNjExLS44MjQgMS4xMDQgMCAyIC44OTYgMiAydjIuNzc4Yy0uNjA5LjU0OS0xIDEuMzM2LTEgMi4yMjJ6Ii8+PHBhdGggZmlsbD0iI0ZGREM1RCIgZD0iTTkuMDYyIDI1YzEuMDI0IDAgMS45MjUtLjUyNiAyLjQ1LTEuMzIyLjEyMy4xODMuMjcxLjM0Ni40MzEuNDk3LjA0OS4wNDYuMTAyLjA4NS4xNTUuMTI4LjExOS4wOTkuMjQzLjE4OS4zNzcuMjY5LjA2Ni4wMzkuMTMyLjA3NC4yMDEuMTA4LjE0LjA2OS4yODUuMTI1LjQzNS4xNzIuMDY3LjAyMS4xMzEuMDQ2LjIuMDYyLjIyMy4wNTIuNDUyLjA4Ni42ODkuMDg2LjIzNiAwIC40NjEtLjAzNi42ODEtLjA4OS4wNzYtLjAxOC4xNDgtLjA0Mi4yMjMtLjA2Ni4xMzctLjA0NC4yNjktLjA5OS4zOTYtLjE2MS4wODItLjA0LjE2My0uMDc2LjI0LS4xMjQuMTY0LS4xLjMxOC0uMjEzLjQ2LS4zNDEuMjAyLS4xODQuMzg0LS4zODcuNTMtLjYxOGwtLjAwMy0uMDAzYy4yLjExNS40NzMuNDAyIDEuNDczLjQwMmgyLjUzN2MtMS44MDkgMS4zNjUtMy4wMzcgMy45OS0zLjAzNyA3IDAgLjI3Ni4yMjQuNS41LjVzLjUtLjIyNC41LS41YzAtMy44NTkgMi4xODctNyA0Ljg3NS03aC4xMjVjLjI3NiAwIC41LS4yMjQuNS0uNXMtLjIyNC0uNS0uNS0uNUgxOGMtMS4xMDQgMC0yLS44OTYtMi0ycy44OTYtMiAyLTJoOGMuMDMyIDAgLjA2Mi4wMDguMDk0LjAxLjA3My4wMDMuMTQ1LjAxLjIxNi4wMjIuMDYyLjAxLjEyMi4wMjEuMTgyLjAzNy4wNjQuMDE3LjEyNS4wMzUuMTg3LjA1OC4wNjIuMDIyLjEyMi4wNDcuMTgxLjA3NS4wNTcuMDI3LjExMS4wNTguMTY1LjA5LjA1Ni4wMzMuMTA5LjA2Ny4xNjEuMTA3LjA1Mi4wMzguMTAyLjA4LjE1LjEyNC4wNDYuMDQxLjA5LjA4NC4xMzIuMTMuMDI3LjAyOS4wNTEuMDYuMDc1LjA5MWwuMDUyLjA2M2MuMDM4LjA1MS4wNzMuMTAyLjEwNi4xNTYuMDM0LjA1Ni4wNjQuMTEyLjA5My4xNzEuMDMuMDYyLjA1Ni4xMjUuMDguMTkuMDEyLjAzMS4wMjkuMDYuMDM5LjA5M0wyOSAyNGMuMTAzLjMzNS40NzkgMS44NzEuNDExIDIuMTkxQzI5LjQxMSAzMSAyNC43MTUgMzYgMTkgMzZjLTYuNTM3IDAtMTEuODQ0LTUuMjMxLTExLjk4Ni0xMS43MzRsLjAxNC4wMWMuNTE1LjQ0NSAxLjE3Ni43MjQgMS45MS43MjRoLjEyNHoiLz48L3N2Zz4=\" alt=\"\" class=\"emoji-icon\" style=\"vertical-align: text-top;\"><img data-v-7c9572d1=\"\" width=\"20\" height=\"20\" src=\"data:image/svg+xml;base64,PHN2ZyB4bWxucz0iaHR0cDovL3d3dy53My5vcmcvMjAwMC9zdmciIHZpZXdCb3g9IjAgMCAzNiAzNiI+PHBhdGggZmlsbD0iI0VGOTY0NSIgZD0iTTE4IDEwLjA4N2w1LjAwNy0uMDQ3aDYuMDE2Yy45NzMgMCAyLjI2NS0uMDM4IDMuMTk1Ljg3My0uODEtMS4xODctMi4xNzItMS45NjctMy43MTgtMS45NjdIMjhsLS4yNDMtLjA5NEgyMi4xbC4wMTYtNGMwLS44MTIuNTMxLTEuNTc4LjczNC0xLjk5OC0xLjA5Ni41OTItMS44NSAxLjczNy0xLjg1IDMuMDdsLS4wODcuMjcydjIuNjU2TDE4IDguODY4Yy0xLjIwMSAwLTIuMTgyLjQyNy0yLjkxNSAxLjI2NmwtLjAxNi0xLjM3NS4wMTYtNC44MjhjMC0uNzU4LjQwNi0xLjQzOC42NjktMS45NTRDMTQuNzEgMi42NjkgMTQgMy45NDYgMTQgNS40MjR2LjUyMmwtLjE4MS45NzguMDMxIDguMDIyYzAgLjg5MS0uNDE0IDEuNTc2LTEuMDMxIDIuMTI1LS41My40NzItMS4wNTMuNjU2LTEuODE5LjY1Ni0xLjY1NyAwLTIuODg0LTEuMjgxLTIuODg0LTIuOTM4TDguMSA1LjcxMmMwLS44MTYuNDUzLTEuMzkxLjc1Ni0xLjg2MUM3Ljc1NyA0LjQ0MSA3IDUuNTg4IDcgNi45MjRWOC44MWwtLjA3Mi4yMTR2Ni4wNThjMCAxLjk4OS0xLjg5MSAyLjc4Ni0yLjgyOCAyLjc4Ni0xLjcxOSAwLTMuMS0xLjIwMy0zLjEtMi43ODZ2Mi42NDVzLjE4NS4yMDkuMTk0LjMxMmMuODgxLjg4MiAyLjE1NiAxLjAxNiAyLjk4NCAxLjAxNiAxLjU5NCAwIDIuNjg0LS44NTEgMy4zMzctMi4wNjIuNjc4IDEuMjEyIDEuOTEzIDIuMDE2IDMuNDI4IDIuMDE2czMuNjg0LS43MzggNC4wNTYtMy4zNDRjLjE0MS4xNjcuNTA2LjUxLjY3OC42NDEuNzAzLjUzMSAxLjU4NS43MzQgMi4zMjIuNzM0bDEuMTE2LS4wMzFoMS43MzRjLS41MzUuMjctLjc3OC41NTItMS4yMDMuOTM4LTEuNzI5IDEuNTY4LTIuNTc4IDQuMDk0LTIuNTc4IDcuNjcyIDAgLjI3Ni4zMTcuNTYyLjU5NC41NjIuMjc2IDAgLjU3OC0uMzE3LjU3OC0uNTk0IDAtMy45NjIuOTczLTYuMzI3IDMuMjAzLTcuNTYyIDEuMTc1LS42NTEgMi42MjYtLjk2OSA0LjUxNi0uOTY5LjA1OSAwIC41NjItLjAzMS41NjItLjAzMS4yNzYgMCAuNTk0LS4zMzMuNTk0LS42MDkgMC0uMjc2LS4yNzEtLjU0Ny0uNTQ3LS41NDdIMjAuMTNMMTggMTUuODUzYy0xLjY1NyAwLTIuOTE1LTEuMjgxLTIuOTE1LTIuOTM4IDAtMS42NTcgMS4yNTgtMi44MjggMi45MTUtMi44Mjh6Ii8+PHBhdGggZmlsbD0iI0ZGREM1RCIgZD0iTTQuMTI0IDE4Ljk0NmMxLjQ3NCAwIDIuNzM4LS44MzEgMy4zOTItMi4wNDMuNjc4IDEuMjEyIDEuOTU4IDIuMDQzIDMuNDQ2IDIuMDQzaC4wNzZjMS4xNTMgMCAyLjE2OS0uNTEgMi44ODktMS4yOTguMDIyLS4wMjUuMDUxLS4wNDMuMDczLS4wNjh2LS4wMTRjLjE4NS0uMjEyLjM0My0uNDQ4LjQ4MS0uNjk1LjA0LS4wNzIuMDY5LS4xNTEuMTA1LS4yMjcuMDkzLS4xOTQuMTc2LS4zOTQuMjM2LS42MDYuMDUyLS4xNzMuMTA2LS4zNDQuMTM0LS41MjYuMTQxLjE2Ny4yOTYuMzE5LjQ2LjQ2LjA2OS4wNTkuMTQ3LjEwNy4yMjEuMTYyLjExNi4wODYuMjI5LjE3Ny4zNTUuMjUxLjU4OS4zNTEgMS4yNzEuNTYgMi4wMDguNTZoMy4xNjZjLS41MzUuMjctLjk5OS42MTQtMS40MjQgMS0xLjcyOSAxLjU2OC0yLjU3OSA0LjA4NS0yLjU3OSA3LjY2MyAwIC4yNzYuMjI0LjUuNS41cy41LS4yMjQuNS0uNWMwLTMuOTYyIDEuMDEtNi40MjcgMy4yNC03LjY2MyAxLjE3NS0uNjUxIDIuNjgyLS45NjcgNC41NzEtLjk2Ny4wNTkgMCAuNTI2LS4wMzMuNTI2LS4wMzMuMjc2IDAgLjUtLjIyNC41LS41cy0uMjI0LS41LS41LS41SDE4Yy0xLjY1NyAwLTMtMS4zNDMtMy0zczEuMzQzLTMgMy0zaDExYy45NzMgMCAyLjI4OC4wNTYgMy4yMTguOTY3LjMyNS4zMTguNjA0LjczNi44MDMgMS4yOTdsMS42NTkgNS40NzJjLjE1Ni41MTIuNzMgMi44NTcuNjI2IDMuMzQ2IDAgNy4zNC04LjcgMTQuOTcyLTE5LjAwNCAxNC45NzJDNi4zMjYgMzYgMSAyNy44ODMgMSAxNy45NTd2LS4yMjljLjAxLjAxLjAyMS4wMTYuMDMxLjAyNi44ODEuODgyIDEuNzk5IDEuMTkyIDIuODQ1IDEuMTkyaC4yNDh6Ii8+PHBhdGggZmlsbD0iI0ZGREM1RCIgZD0iTTMuODY0IDUuOTQ2aC4yNzFDNS43MTggNS45NDYgNyA3LjIyOSA3IDguODF2Ni4yNzNjMCAxLjU4Mi0xLjI4MiAyLjg2NC0yLjg2NCAyLjg2NGgtLjI3MkMyLjI4MiAxNy45NDYgMSAxNi42NjQgMSAxNS4wODJWOC44MWMwLTEuNTgxIDEuMjgyLTIuODY0IDIuODY0LTIuODY0ek0xNCA5LjIyMnY1LjcyNGMwIC44OTEtLjM5NiAxLjY4My0xLjAxNCAyLjIzMy0uNTMuNDcyLTEuMjIxLjc2Ny0xLjk4Ni43NjctMS42NTcgMC0zLTEuMzQzLTMtM3YtOWMwLS44MTYuMzI4LTEuNTU0Ljg1Ny0yLjA5NS41NDQtLjU1NyAxLjMwMi0uOTA1IDIuMTQzLS45MDUgMS42NTcgMCAzIDEuMzQzIDMgM3YzLjI3NnptNC0uMjc2Yy0xLjIwMSAwLTIuMjY3LjU0MS0zIDEuMzhWMy45NDdjMC0uNzU4LjI5LTEuNDQyLjc1My0xLjk3QzE2LjMwMyAxLjM1IDE3LjEuOTQ3IDE4IC45NDdjMS42NTcgMCAzIDEuMzQzIDMgM3Y1aC0zem00LTQuMDA3YzAtLjgxMi4zMjYtMS41NDUuODUtMi4wODUuNTQ0LS41NTkgMS4zMDEtLjkwOSAyLjE0My0uOTA5aC4wMTRDMjYuNjYgMS45NDYgMjggMy4yODYgMjggNC45Mzl2NC4wMDZoLTZWNC45Mzl6Ii8+PC9zdmc+\" alt=\"\" class=\"emoji-icon\" style=\"vertical-align: text-top;\">', '', '', '', '2022-02-13 17:39:43', '');
INSERT INTO `zy_comments` VALUES ('41f32257b6689ced2c3febafd2d22af0', 'c4db600ee5d7c3e6a191441bf79aa827', '0', 'f22ca83f941a1afd0b69c855c0692477', '匿名', 'http://localhost:5220/zy-server/public/images?id=164466183089025c842ff5fae3.jpg', '撒旦撒', '', '', '', '2022-02-13 17:49:58', '');
INSERT INTO `zy_comments` VALUES ('4a4c231f65441a57d70a52ab35921fbf', '2df8c9315be2732c1e21829df096412b', '6adc16c29c3e7e96ca93369eac77960a', '00e3190247f72ef39747fa13775df1af', '匿名2', 'http://localhost:5220/zy-server/public/images?id=164466183089025c842ff5fae3.jpg', '的萨芬的萨芬', 'f0b34fd30a010627fc8fd954542fdf7d', '匿名2', 'http://localhost:5220/zy-server/public/images?id=164466183089025c842ff5fae3.jpg', '2022-02-13 19:17:54', '');
INSERT INTO `zy_comments` VALUES ('4de91757a87de54bde99aa7efacc2954', '0aee5066c079e18ef9e658492d1cc3d2', '0', 'da165c816353dad362e6496432c710b0', '匿名', 'http://localhost:5220/zy-server/public/images?id=164466183089025c842ff5fae3.jpg', '45354<img data-v-7c9572d1=\"\" width=\"20\" height=\"20\" src=\"data:image/svg+xml;base64,PHN2ZyB4bWxucz0iaHR0cDovL3d3dy53My5vcmcvMjAwMC9zdmciIHZpZXdCb3g9IjAgMCAzNiAzNiI+PHBhdGggZmlsbD0iI0ZGREM1RCIgZD0iTTYgMjBjMCAyLjIwOS0xLjExOSA0LTIuNSA0UzEgMjIuMjA5IDEgMjBzMS4xMTktNCAyLjUtNFM2IDE3Ljc5MSA2IDIwem0yOSAwYzAgMi4yMDktMS4xMTkgNC0yLjUgNFMzMCAyMi4yMDkgMzAgMjBzMS4xMTktNCAyLjUtNCAyLjUgMS43OTEgMi41IDR6Ii8+PHBhdGggZmlsbD0iI0ZGREM1RCIgZD0iTTQgMjAuNTYyYzAtOC41MjYgNi4yNjgtMTUuNDM4IDE0LTE1LjQzOHMxNCA2LjkxMiAxNCAxNS40MzhTMjUuNzMyIDM1IDE4IDM1IDQgMjkuMDg4IDQgMjAuNTYyeiIvPjxwYXRoIGZpbGw9IiM2NjIxMTMiIGQ9Ik0xMiAyMmMtLjU1MiAwLTEtLjQ0Ny0xLTF2LTJjMC0uNTUyLjQ0OC0xIDEtMXMxIC40NDggMSAxdjJjMCAuNTUzLS40NDggMS0xIDF6bTEyIDBjLS41NTMgMC0xLS40NDctMS0xdi0yYzAtLjU1Mi40NDctMSAxLTFzMSAuNDQ4IDEgMXYyYzAgLjU1My0uNDQ3IDEtMSAxeiIvPjxwYXRoIGZpbGw9IiNDMTY5NEYiIGQ9Ik0xOCAzMGMtNC4xODggMC02LjM1Ny0xLjA2LTYuNDQ3LTEuMTA1LS40OTQtLjI0Ny0uNjk0LS44NDgtLjQ0Ny0xLjM0Mi4yNDctLjQ5Mi44NDMtLjY5MiAxLjMzNy0uNDQ5LjA1MS4wMjQgMS45MjUuODk2IDUuNTU3Ljg5NiAzLjY2NSAwIDUuNTQtLjg4OCA1LjU1OS0uODk3LjQ5Ni0uMjQxIDEuMDk0LS4wMzQgMS4zMzYuNDU3LjI0My40OTMuMDQ1IDEuMDg5LS40NDcgMS4zMzVDMjQuMzU2IDI4Ljk0IDIyLjE4OCAzMCAxOCAzMHptMS01aC0yYy0uNTUyIDAtMS0uNDQ3LTEtMXMuNDQ4LTEgMS0xaDJjLjU1MyAwIDEgLjQ0NyAxIDFzLS40NDcgMS0xIDF6Ii8+PHBhdGggZmlsbD0iI0ZGQUMzMyIgZD0iTTE4IC4zNTRDOC43Ny4zNTQgMyA2LjgxNiAzIDEyLjJjMCA1LjM4NSAxLjE1NCA3LjUzOSAyLjMwOCA1LjM4NWwyLjMwOC00LjMwOHMzLjc5MS0uMTI0IDYuMDk5LTIuMjc4YzAgMC0xLjA3MSA0IDYuNTk0LjEyNCAwIDAtLjE2NiAzLjg3NiA1LjE5MS0uMTI0IDAgMCA0LjAzOSAxLjIwMSA1LjE5MSA2LjU4Ni4zMiAxLjQ5NCAyLjMwOSAwIDIuMzA5LTUuMzg1QzMzIDYuODE2IDI4LjM4NS4zNTQgMTggLjM1NHoiLz48L3N2Zz4=\" alt=\"\" class=\"emoji-icon\" style=\"vertical-align: text-top;\">', '', '', '', '2022-02-13 17:36:52', '');
INSERT INTO `zy_comments` VALUES ('4f1b41208c75488d6e84dea913ada45f', NULL, '41f32257b6689ced2c3febafd2d22af0', '41b9a1785d0b123b48d7ce4db5419fe8', '匿名2', 'http://localhost:5220/zy-server/public/images?id=164466183089025c842ff5fae3.jpg', '广泛大概', 'f22ca83f941a1afd0b69c855c0692477', '匿名', 'http://localhost:5220/zy-server/public/images?id=164466183089025c842ff5fae3.jpg', '2022-02-13 17:52:02', '');
INSERT INTO `zy_comments` VALUES ('508a799e446be37b62ecbf67e68c42e8', '2df8c9315be2732c1e21829df096412b', 'e90b09e248383264da2ec7b04899c034', '51f19bfcb4e3f398cf0ffcbad281a128', '匿名2', 'http://localhost:5220/zy-server/public/images?id=164466183089025c842ff5fae3.jpg', '但是犯得上反对', '9783dab4a613eaed8a6157cd926c79db', '匿名2', 'http://localhost:5220/zy-server/public/images?id=164466183089025c842ff5fae3.jpg', '2022-02-13 19:26:20', '');
INSERT INTO `zy_comments` VALUES ('5aa84237a5a85795dd1eb9e069ae4cb1', '2df8c9315be2732c1e21829df096412b', '6adc16c29c3e7e96ca93369eac77960a', '4514559e3c8c511542576238903e3593', '匿名2', 'http://localhost:5220/zy-server/public/images?id=164466183089025c842ff5fae3.jpg', '发电公司地方', 'f0b34fd30a010627fc8fd954542fdf7d', '匿名2', 'http://localhost:5220/zy-server/public/images?id=164466183089025c842ff5fae3.jpg', '2022-02-13 19:20:09', '');
INSERT INTO `zy_comments` VALUES ('5ba2bbd5b08d25c92ce499814c8a321a', 'c4db600ee5d7c3e6a191441bf79aa827', '41f32257b6689ced2c3febafd2d22af0', 'f730e4238a5d9dc3788b9fbe13f8c1f3', '匿名2', 'http://localhost:5220/zy-server/public/images?id=164466183089025c842ff5fae3.jpg', '广泛大锅饭给', 'f22ca83f941a1afd0b69c855c0692477', '匿名', 'http://localhost:5220/zy-server/public/images?id=164466183089025c842ff5fae3.jpg', '2022-02-13 17:55:32', '');
INSERT INTO `zy_comments` VALUES ('5f5ecfa4519ccc77e50d67b24326f3f7', '5d4968c2cb2b8c90c58fd95506cba45d', '0', '0412590b3dc8f205449ef7aaf4bb8615', '匿名', 'http://localhost:5220/zy-server/public/images?id=164466183089025c842ff5fae3.jpg', '<img data-v-7c9572d1=\"\" width=\"20\" height=\"20\" src=\"data:image/svg+xml;base64,PHN2ZyB4bWxucz0iaHR0cDovL3d3dy53My5vcmcvMjAwMC9zdmciIHZpZXdCb3g9IjAgMCAzNiAzNiI+PHBhdGggZmlsbD0iI0ZGREI1RSIgZD0iTTM0Ljk1NiAxNy45MTZjMC0uNTAzLS4xMi0uOTc1LS4zMjEtMS40MDQtMS4zNDEtNC4zMjYtNy42MTktNC4wMS0xNi41NDktNC4yMjEtMS40OTMtLjAzNS0uNjM5LTEuNzk4LS4xMTUtNS42NjguMzQxLTIuNTE3LTEuMjgyLTYuMzgyLTQuMDEtNi4zODItNC40OTggMC0uMTcxIDMuNTQ4LTQuMTQ4IDEyLjMyMi0yLjEyNSA0LjY4OC02Ljg3NSAyLjA2Mi02Ljg3NSA2Ljc3MXYxMC43MTljMCAxLjgzMy4xOCAzLjU5NSAyLjc1OCAzLjg4NUM4LjE5NSAzNC4yMTkgNy42MzMgMzYgMTEuMjM4IDM2aDE4LjA0NGMxLjgzOCAwIDMuMzMzLTEuNDk2IDMuMzMzLTMuMzM0IDAtLjc2Mi0uMjY3LTEuNDU2LS42OTgtMi4wMTggMS4wMi0uNTcxIDEuNzItMS42NDkgMS43Mi0yLjg5OSAwLS43Ni0uMjY2LTEuNDU0LS42OTYtMi4wMTUgMS4wMjMtLjU3IDEuNzI1LTEuNjQ5IDEuNzI1LTIuOTAxIDAtLjkwOS0uMzY4LTEuNzMzLS45NjEtMi4zMzYuNzU3LS42MTEgMS4yNTEtMS41MzUgMS4yNTEtMi41ODF6Ii8+PHBhdGggZmlsbD0iI0VFOTU0NyIgZD0iTTIzLjAyIDIxLjI0OWg4LjYwNGMxLjE3IDAgMi4yNjgtLjYyNiAyLjg2Ni0xLjYzMy4yNDYtLjQxNS4xMDktLjk1Mi0uMzA3LTEuMTk5LS40MTUtLjI0Ny0uOTUyLS4xMDgtMS4xOTkuMzA3LS4yODMuNDc5LS44MDYuNzc1LTEuMzYxLjc3NWgtOC44MWMtLjg3MyAwLTEuNTgzLS43MS0xLjU4My0xLjU4M3MuNzEtMS41ODMgMS41ODMtMS41ODNIMjguN2MuNDgzIDAgLjg3NS0uMzkyLjg3NS0uODc1cy0uMzkyLS44NzUtLjg3NS0uODc1aC01Ljg4OGMtMS44MzggMC0zLjMzMyAxLjQ5NS0zLjMzMyAzLjMzMyAwIDEuMDI1LjQ3NSAxLjkzMiAxLjIwNSAyLjU0NC0uNjE1LjYwNS0uOTk4IDEuNDQ1LS45OTggMi4zNzMgMCAxLjAyOC40NzggMS45MzggMS4yMTIgMi41NDktLjYxMS42MDQtLjk5IDEuNDQxLS45OSAyLjM2NyAwIDEuMTIuNTU5IDIuMTA4IDEuNDA5IDIuNzEzLS41MjQuNTg5LS44NTIgMS4zNTYtLjg1MiAyLjIwNCAwIDEuODM4IDEuNDk1IDMuMzMzIDMuMzMzIDMuMzMzaDUuNDg0YzEuMTcgMCAyLjI2OS0uNjI1IDIuODY3LTEuNjMyLjI0Ny0uNDE1LjExLS45NTItLjMwNS0xLjE5OS0uNDE2LS4yNDUtLjk1My0uMTEtMS4xOTkuMzA1LS4yODUuNDc5LS44MDguNzc2LTEuMzYzLjc3NmgtNS40ODRjLS44NzMgMC0xLjU4My0uNzEtMS41ODMtMS41ODNzLjcxLTEuNTgzIDEuNTgzLTEuNTgzaDYuNTA2YzEuMTcgMCAyLjI3LS42MjYgMi44NjctMS42MzMuMjQ3LS40MTYuMTEtLjk1My0uMzA1LTEuMTk5LS40MTktLjI1MS0uOTU0LS4xMS0xLjE5OS4zMDUtLjI4OS40ODctLjc5OS43NzctMS4zNjMuNzc3aC03LjA2M2MtLjg3MyAwLTEuNTgzLS43MTEtMS41ODMtMS41ODRzLjcxLTEuNTgzIDEuNTgzLTEuNTgzaDguMDkxYzEuMTcgMCAyLjI2OS0uNjI1IDIuODY3LTEuNjMyLjI0Ny0uNDE1LjExLS45NTItLjMwNS0xLjE5OS0uNDE3LS4yNDYtLjk1My0uMTEtMS4xOTkuMzA1LS4yODkuNDg2LS43OTkuNzc2LTEuMzYzLjc3NkgyMy4wMmMtLjg3MyAwLTEuNTgzLS43MS0xLjU4My0xLjU4M3MuNzA5LTEuNTg0IDEuNTgzLTEuNTg0eiIvPjwvc3ZnPg==\" alt=\"\" class=\"emoji-icon\" style=\"vertical-align: text-top;\"><img data-v-7c9572d1=\"\" width=\"20\" height=\"20\" src=\"data:image/svg+xml;base64,PHN2ZyB4bWxucz0iaHR0cDovL3d3dy53My5vcmcvMjAwMC9zdmciIHZpZXdCb3g9IjAgMCAzNiAzNiI+PHBhdGggZmlsbD0iI0ZGREI1RSIgZD0iTTM0Ljk1NiAxNy45MTZjMC0uNTAzLS4xMi0uOTc1LS4zMjEtMS40MDQtMS4zNDEtNC4zMjYtNy42MTktNC4wMS0xNi41NDktNC4yMjEtMS40OTMtLjAzNS0uNjM5LTEuNzk4LS4xMTUtNS42NjguMzQxLTIuNTE3LTEuMjgyLTYuMzgyLTQuMDEtNi4zODItNC40OTggMC0uMTcxIDMuNTQ4LTQuMTQ4IDEyLjMyMi0yLjEyNSA0LjY4OC02Ljg3NSAyLjA2Mi02Ljg3NSA2Ljc3MXYxMC43MTljMCAxLjgzMy4xOCAzLjU5NSAyLjc1OCAzLjg4NUM4LjE5NSAzNC4yMTkgNy42MzMgMzYgMTEuMjM4IDM2aDE4LjA0NGMxLjgzOCAwIDMuMzMzLTEuNDk2IDMuMzMzLTMuMzM0IDAtLjc2Mi0uMjY3LTEuNDU2LS42OTgtMi4wMTggMS4wMi0uNTcxIDEuNzItMS42NDkgMS43Mi0yLjg5OSAwLS43Ni0uMjY2LTEuNDU0LS42OTYtMi4wMTUgMS4wMjMtLjU3IDEuNzI1LTEuNjQ5IDEuNzI1LTIuOTAxIDAtLjkwOS0uMzY4LTEuNzMzLS45NjEtMi4zMzYuNzU3LS42MTEgMS4yNTEtMS41MzUgMS4yNTEtMi41ODF6Ii8+PHBhdGggZmlsbD0iI0VFOTU0NyIgZD0iTTIzLjAyIDIxLjI0OWg4LjYwNGMxLjE3IDAgMi4yNjgtLjYyNiAyLjg2Ni0xLjYzMy4yNDYtLjQxNS4xMDktLjk1Mi0uMzA3LTEuMTk5LS40MTUtLjI0Ny0uOTUyLS4xMDgtMS4xOTkuMzA3LS4yODMuNDc5LS44MDYuNzc1LTEuMzYxLjc3NWgtOC44MWMtLjg3MyAwLTEuNTgzLS43MS0xLjU4My0xLjU4M3MuNzEtMS41ODMgMS41ODMtMS41ODNIMjguN2MuNDgzIDAgLjg3NS0uMzkyLjg3NS0uODc1cy0uMzkyLS44NzUtLjg3NS0uODc1aC01Ljg4OGMtMS44MzggMC0zLjMzMyAxLjQ5NS0zLjMzMyAzLjMzMyAwIDEuMDI1LjQ3NSAxLjkzMiAxLjIwNSAyLjU0NC0uNjE1LjYwNS0uOTk4IDEuNDQ1LS45OTggMi4zNzMgMCAxLjAyOC40NzggMS45MzggMS4yMTIgMi41NDktLjYxMS42MDQtLjk5IDEuNDQxLS45OSAyLjM2NyAwIDEuMTIuNTU5IDIuMTA4IDEuNDA5IDIuNzEzLS41MjQuNTg5LS44NTIgMS4zNTYtLjg1MiAyLjIwNCAwIDEuODM4IDEuNDk1IDMuMzMzIDMuMzMzIDMuMzMzaDUuNDg0YzEuMTcgMCAyLjI2OS0uNjI1IDIuODY3LTEuNjMyLjI0Ny0uNDE1LjExLS45NTItLjMwNS0xLjE5OS0uNDE2LS4yNDUtLjk1My0uMTEtMS4xOTkuMzA1LS4yODUuNDc5LS44MDguNzc2LTEuMzYzLjc3NmgtNS40ODRjLS44NzMgMC0xLjU4My0uNzEtMS41ODMtMS41ODNzLjcxLTEuNTgzIDEuNTgzLTEuNTgzaDYuNTA2YzEuMTcgMCAyLjI3LS42MjYgMi44NjctMS42MzMuMjQ3LS40MTYuMTEtLjk1My0uMzA1LTEuMTk5LS40MTktLjI1MS0uOTU0LS4xMS0xLjE5OS4zMDUtLjI4OS40ODctLjc5OS43NzctMS4zNjMuNzc3aC03LjA2M2MtLjg3MyAwLTEuNTgzLS43MTEtMS41ODMtMS41ODRzLjcxLTEuNTgzIDEuNTgzLTEuNTgzaDguMDkxYzEuMTcgMCAyLjI2OS0uNjI1IDIuODY3LTEuNjMyLjI0Ny0uNDE1LjExLS45NTItLjMwNS0xLjE5OS0uNDE3LS4yNDYtLjk1My0uMTEtMS4xOTkuMzA1LS4yODkuNDg2LS43OTkuNzc2LTEuMzYzLjc3NkgyMy4wMmMtLjg3MyAwLTEuNTgzLS43MS0xLjU4My0xLjU4M3MuNzA5LTEuNTg0IDEuNTgzLTEuNTg0eiIvPjwvc3ZnPg==\" alt=\"\" class=\"emoji-icon\" style=\"vertical-align: text-top;\"><img data-v-7c9572d1=\"\" width=\"20\" height=\"20\" src=\"data:image/svg+xml;base64,PHN2ZyB4bWxucz0iaHR0cDovL3d3dy53My5vcmcvMjAwMC9zdmciIHZpZXdCb3g9IjAgMCAzNiAzNiI+PHBhdGggZmlsbD0iI0ZGREI1RSIgZD0iTTM0Ljk1NiAxNy45MTZjMC0uNTAzLS4xMi0uOTc1LS4zMjEtMS40MDQtMS4zNDEtNC4zMjYtNy42MTktNC4wMS0xNi41NDktNC4yMjEtMS40OTMtLjAzNS0uNjM5LTEuNzk4LS4xMTUtNS42NjguMzQxLTIuNTE3LTEuMjgyLTYuMzgyLTQuMDEtNi4zODItNC40OTggMC0uMTcxIDMuNTQ4LTQuMTQ4IDEyLjMyMi0yLjEyNSA0LjY4OC02Ljg3NSAyLjA2Mi02Ljg3NSA2Ljc3MXYxMC43MTljMCAxLjgzMy4xOCAzLjU5NSAyLjc1OCAzLjg4NUM4LjE5NSAzNC4yMTkgNy42MzMgMzYgMTEuMjM4IDM2aDE4LjA0NGMxLjgzOCAwIDMuMzMzLTEuNDk2IDMuMzMzLTMuMzM0IDAtLjc2Mi0uMjY3LTEuNDU2LS42OTgtMi4wMTggMS4wMi0uNTcxIDEuNzItMS42NDkgMS43Mi0yLjg5OSAwLS43Ni0uMjY2LTEuNDU0LS42OTYtMi4wMTUgMS4wMjMtLjU3IDEuNzI1LTEuNjQ5IDEuNzI1LTIuOTAxIDAtLjkwOS0uMzY4LTEuNzMzLS45NjEtMi4zMzYuNzU3LS42MTEgMS4yNTEtMS41MzUgMS4yNTEtMi41ODF6Ii8+PHBhdGggZmlsbD0iI0VFOTU0NyIgZD0iTTIzLjAyIDIxLjI0OWg4LjYwNGMxLjE3IDAgMi4yNjgtLjYyNiAyLjg2Ni0xLjYzMy4yNDYtLjQxNS4xMDktLjk1Mi0uMzA3LTEuMTk5LS40MTUtLjI0Ny0uOTUyLS4xMDgtMS4xOTkuMzA3LS4yODMuNDc5LS44MDYuNzc1LTEuMzYxLjc3NWgtOC44MWMtLjg3MyAwLTEuNTgzLS43MS0xLjU4My0xLjU4M3MuNzEtMS41ODMgMS41ODMtMS41ODNIMjguN2MuNDgzIDAgLjg3NS0uMzkyLjg3NS0uODc1cy0uMzkyLS44NzUtLjg3NS0uODc1aC01Ljg4OGMtMS44MzggMC0zLjMzMyAxLjQ5NS0zLjMzMyAzLjMzMyAwIDEuMDI1LjQ3NSAxLjkzMiAxLjIwNSAyLjU0NC0uNjE1LjYwNS0uOTk4IDEuNDQ1LS45OTggMi4zNzMgMCAxLjAyOC40NzggMS45MzggMS4yMTIgMi41NDktLjYxMS42MDQtLjk5IDEuNDQxLS45OSAyLjM2NyAwIDEuMTIuNTU5IDIuMTA4IDEuNDA5IDIuNzEzLS41MjQuNTg5LS44NTIgMS4zNTYtLjg1MiAyLjIwNCAwIDEuODM4IDEuNDk1IDMuMzMzIDMuMzMzIDMuMzMzaDUuNDg0YzEuMTcgMCAyLjI2OS0uNjI1IDIuODY3LTEuNjMyLjI0Ny0uNDE1LjExLS45NTItLjMwNS0xLjE5OS0uNDE2LS4yNDUtLjk1My0uMTEtMS4xOTkuMzA1LS4yODUuNDc5LS44MDguNzc2LTEuMzYzLjc3NmgtNS40ODRjLS44NzMgMC0xLjU4My0uNzEtMS41ODMtMS41ODNzLjcxLTEuNTgzIDEuNTgzLTEuNTgzaDYuNTA2YzEuMTcgMCAyLjI3LS42MjYgMi44NjctMS42MzMuMjQ3LS40MTYuMTEtLjk1My0uMzA1LTEuMTk5LS40MTktLjI1MS0uOTU0LS4xMS0xLjE5OS4zMDUtLjI4OS40ODctLjc5OS43NzctMS4zNjMuNzc3aC03LjA2M2MtLjg3MyAwLTEuNTgzLS43MTEtMS41ODMtMS41ODRzLjcxLTEuNTgzIDEuNTgzLTEuNTgzaDguMDkxYzEuMTcgMCAyLjI2OS0uNjI1IDIuODY3LTEuNjMyLjI0Ny0uNDE1LjExLS45NTItLjMwNS0xLjE5OS0uNDE3LS4yNDYtLjk1My0uMTEtMS4xOTkuMzA1LS4yODkuNDg2LS43OTkuNzc2LTEuMzYzLjc3NkgyMy4wMmMtLjg3MyAwLTEuNTgzLS43MS0xLjU4My0xLjU4M3MuNzA5LTEuNTg0IDEuNTgzLTEuNTg0eiIvPjwvc3ZnPg==\" alt=\"\" class=\"emoji-icon\" style=\"vertical-align: text-top;\"><img data-v-7c9572d1=\"\" width=\"20\" height=\"20\" src=\"data:image/svg+xml;base64,PHN2ZyB4bWxucz0iaHR0cDovL3d3dy53My5vcmcvMjAwMC9zdmciIHZpZXdCb3g9IjAgMCAzNiAzNiI+PHBhdGggZmlsbD0iI0ZGREI1RSIgZD0iTTM0Ljk1NiAxNy45MTZjMC0uNTAzLS4xMi0uOTc1LS4zMjEtMS40MDQtMS4zNDEtNC4zMjYtNy42MTktNC4wMS0xNi41NDktNC4yMjEtMS40OTMtLjAzNS0uNjM5LTEuNzk4LS4xMTUtNS42NjguMzQxLTIuNTE3LTEuMjgyLTYuMzgyLTQuMDEtNi4zODItNC40OTggMC0uMTcxIDMuNTQ4LTQuMTQ4IDEyLjMyMi0yLjEyNSA0LjY4OC02Ljg3NSAyLjA2Mi02Ljg3NSA2Ljc3MXYxMC43MTljMCAxLjgzMy4xOCAzLjU5NSAyLjc1OCAzLjg4NUM4LjE5NSAzNC4yMTkgNy42MzMgMzYgMTEuMjM4IDM2aDE4LjA0NGMxLjgzOCAwIDMuMzMzLTEuNDk2IDMuMzMzLTMuMzM0IDAtLjc2Mi0uMjY3LTEuNDU2LS42OTgtMi4wMTggMS4wMi0uNTcxIDEuNzItMS42NDkgMS43Mi0yLjg5OSAwLS43Ni0uMjY2LTEuNDU0LS42OTYtMi4wMTUgMS4wMjMtLjU3IDEuNzI1LTEuNjQ5IDEuNzI1LTIuOTAxIDAtLjkwOS0uMzY4LTEuNzMzLS45NjEtMi4zMzYuNzU3LS42MTEgMS4yNTEtMS41MzUgMS4yNTEtMi41ODF6Ii8+PHBhdGggZmlsbD0iI0VFOTU0NyIgZD0iTTIzLjAyIDIxLjI0OWg4LjYwNGMxLjE3IDAgMi4yNjgtLjYyNiAyLjg2Ni0xLjYzMy4yNDYtLjQxNS4xMDktLjk1Mi0uMzA3LTEuMTk5LS40MTUtLjI0Ny0uOTUyLS4xMDgtMS4xOTkuMzA3LS4yODMuNDc5LS44MDYuNzc1LTEuMzYxLjc3NWgtOC44MWMtLjg3MyAwLTEuNTgzLS43MS0xLjU4My0xLjU4M3MuNzEtMS41ODMgMS41ODMtMS41ODNIMjguN2MuNDgzIDAgLjg3NS0uMzkyLjg3NS0uODc1cy0uMzkyLS44NzUtLjg3NS0uODc1aC01Ljg4OGMtMS44MzggMC0zLjMzMyAxLjQ5NS0zLjMzMyAzLjMzMyAwIDEuMDI1LjQ3NSAxLjkzMiAxLjIwNSAyLjU0NC0uNjE1LjYwNS0uOTk4IDEuNDQ1LS45OTggMi4zNzMgMCAxLjAyOC40NzggMS45MzggMS4yMTIgMi41NDktLjYxMS42MDQtLjk5IDEuNDQxLS45OSAyLjM2NyAwIDEuMTIuNTU5IDIuMTA4IDEuNDA5IDIuNzEzLS41MjQuNTg5LS44NTIgMS4zNTYtLjg1MiAyLjIwNCAwIDEuODM4IDEuNDk1IDMuMzMzIDMuMzMzIDMuMzMzaDUuNDg0YzEuMTcgMCAyLjI2OS0uNjI1IDIuODY3LTEuNjMyLjI0Ny0uNDE1LjExLS45NTItLjMwNS0xLjE5OS0uNDE2LS4yNDUtLjk1My0uMTEtMS4xOTkuMzA1LS4yODUuNDc5LS44MDguNzc2LTEuMzYzLjc3NmgtNS40ODRjLS44NzMgMC0xLjU4My0uNzEtMS41ODMtMS41ODNzLjcxLTEuNTgzIDEuNTgzLTEuNTgzaDYuNTA2YzEuMTcgMCAyLjI3LS42MjYgMi44NjctMS42MzMuMjQ3LS40MTYuMTEtLjk1My0uMzA1LTEuMTk5LS40MTktLjI1MS0uOTU0LS4xMS0xLjE5OS4zMDUtLjI4OS40ODctLjc5OS43NzctMS4zNjMuNzc3aC03LjA2M2MtLjg3MyAwLTEuNTgzLS43MTEtMS41ODMtMS41ODRzLjcxLTEuNTgzIDEuNTgzLTEuNTgzaDguMDkxYzEuMTcgMCAyLjI2OS0uNjI1IDIuODY3LTEuNjMyLjI0Ny0uNDE1LjExLS45NTItLjMwNS0xLjE5OS0uNDE3LS4yNDYtLjk1My0uMTEtMS4xOTkuMzA1LS4yODkuNDg2LS43OTkuNzc2LTEuMzYzLjc3NkgyMy4wMmMtLjg3MyAwLTEuNTgzLS43MS0xLjU4My0xLjU4M3MuNzA5LTEuNTg0IDEuNTgzLTEuNTg0eiIvPjwvc3ZnPg==\" alt=\"\" class=\"emoji-icon\" style=\"vertical-align: text-top;\"><img data-v-7c9572d1=\"\" width=\"20\" height=\"20\" src=\"data:image/svg+xml;base64,PHN2ZyB4bWxucz0iaHR0cDovL3d3dy53My5vcmcvMjAwMC9zdmciIHZpZXdCb3g9IjAgMCAzNiAzNiI+PHBhdGggZmlsbD0iI0ZGREI1RSIgZD0iTTM0Ljk1NiAxNy45MTZjMC0uNTAzLS4xMi0uOTc1LS4zMjEtMS40MDQtMS4zNDEtNC4zMjYtNy42MTktNC4wMS0xNi41NDktNC4yMjEtMS40OTMtLjAzNS0uNjM5LTEuNzk4LS4xMTUtNS42NjguMzQxLTIuNTE3LTEuMjgyLTYuMzgyLTQuMDEtNi4zODItNC40OTggMC0uMTcxIDMuNTQ4LTQuMTQ4IDEyLjMyMi0yLjEyNSA0LjY4OC02Ljg3NSAyLjA2Mi02Ljg3NSA2Ljc3MXYxMC43MTljMCAxLjgzMy4xOCAzLjU5NSAyLjc1OCAzLjg4NUM4LjE5NSAzNC4yMTkgNy42MzMgMzYgMTEuMjM4IDM2aDE4LjA0NGMxLjgzOCAwIDMuMzMzLTEuNDk2IDMuMzMzLTMuMzM0IDAtLjc2Mi0uMjY3LTEuNDU2LS42OTgtMi4wMTggMS4wMi0uNTcxIDEuNzItMS42NDkgMS43Mi0yLjg5OSAwLS43Ni0uMjY2LTEuNDU0LS42OTYtMi4wMTUgMS4wMjMtLjU3IDEuNzI1LTEuNjQ5IDEuNzI1LTIuOTAxIDAtLjkwOS0uMzY4LTEuNzMzLS45NjEtMi4zMzYuNzU3LS42MTEgMS4yNTEtMS41MzUgMS4yNTEtMi41ODF6Ii8+PHBhdGggZmlsbD0iI0VFOTU0NyIgZD0iTTIzLjAyIDIxLjI0OWg4LjYwNGMxLjE3IDAgMi4yNjgtLjYyNiAyLjg2Ni0xLjYzMy4yNDYtLjQxNS4xMDktLjk1Mi0uMzA3LTEuMTk5LS40MTUtLjI0Ny0uOTUyLS4xMDgtMS4xOTkuMzA3LS4yODMuNDc5LS44MDYuNzc1LTEuMzYxLjc3NWgtOC44MWMtLjg3MyAwLTEuNTgzLS43MS0xLjU4My0xLjU4M3MuNzEtMS41ODMgMS41ODMtMS41ODNIMjguN2MuNDgzIDAgLjg3NS0uMzkyLjg3NS0uODc1cy0uMzkyLS44NzUtLjg3NS0uODc1aC01Ljg4OGMtMS44MzggMC0zLjMzMyAxLjQ5NS0zLjMzMyAzLjMzMyAwIDEuMDI1LjQ3NSAxLjkzMiAxLjIwNSAyLjU0NC0uNjE1LjYwNS0uOTk4IDEuNDQ1LS45OTggMi4zNzMgMCAxLjAyOC40NzggMS45MzggMS4yMTIgMi41NDktLjYxMS42MDQtLjk5IDEuNDQxLS45OSAyLjM2NyAwIDEuMTIuNTU5IDIuMTA4IDEuNDA5IDIuNzEzLS41MjQuNTg5LS44NTIgMS4zNTYtLjg1MiAyLjIwNCAwIDEuODM4IDEuNDk1IDMuMzMzIDMuMzMzIDMuMzMzaDUuNDg0YzEuMTcgMCAyLjI2OS0uNjI1IDIuODY3LTEuNjMyLjI0Ny0uNDE1LjExLS45NTItLjMwNS0xLjE5OS0uNDE2LS4yNDUtLjk1My0uMTEtMS4xOTkuMzA1LS4yODUuNDc5LS44MDguNzc2LTEuMzYzLjc3NmgtNS40ODRjLS44NzMgMC0xLjU4My0uNzEtMS41ODMtMS41ODNzLjcxLTEuNTgzIDEuNTgzLTEuNTgzaDYuNTA2YzEuMTcgMCAyLjI3LS42MjYgMi44NjctMS42MzMuMjQ3LS40MTYuMTEtLjk1My0uMzA1LTEuMTk5LS40MTktLjI1MS0uOTU0LS4xMS0xLjE5OS4zMDUtLjI4OS40ODctLjc5OS43NzctMS4zNjMuNzc3aC03LjA2M2MtLjg3MyAwLTEuNTgzLS43MTEtMS41ODMtMS41ODRzLjcxLTEuNTgzIDEuNTgzLTEuNTgzaDguMDkxYzEuMTcgMCAyLjI2OS0uNjI1IDIuODY3LTEuNjMyLjI0Ny0uNDE1LjExLS45NTItLjMwNS0xLjE5OS0uNDE3LS4yNDYtLjk1My0uMTEtMS4xOTkuMzA1LS4yODkuNDg2LS43OTkuNzc2LTEuMzYzLjc3NkgyMy4wMmMtLjg3MyAwLTEuNTgzLS43MS0xLjU4My0xLjU4M3MuNzA5LTEuNTg0IDEuNTgzLTEuNTg0eiIvPjwvc3ZnPg==\" alt=\"\" class=\"emoji-icon\" style=\"vertical-align: text-top;\"><img data-v-7c9572d1=\"\" width=\"20\" height=\"20\" src=\"data:image/svg+xml;base64,PHN2ZyB4bWxucz0iaHR0cDovL3d3dy53My5vcmcvMjAwMC9zdmciIHZpZXdCb3g9IjAgMCAzNiAzNiI+PHBhdGggZmlsbD0iI0ZGREM1RCIgZD0iTTEyLjQzIDIycy0uNzE3LTMuNjQxLjI5OC0xMC44NzNjMS40LjQ1NCAyLjgxNC44NzMgMy4yNzIuODczIDEgMCA0LTEgNC0ycy0xLTItMS0ybDItMWMxLTEgMC03LTQtNy03IDAtOS41NyA3LTkuNTcgN2wuMDA3LjAxMUg3LjQzcy02IDEwLjk4OS02IDIwYy4wNjUgMC0xIDUgMCA2czUgMSA1IDFDMTYuNDMgMzggMzUgMzUgMzUgMjZjMC0xMy0xOS41Ny0xMC0yMi41Ny00eiIvPjxwYXRoIGZpbGw9IiNFRjk2NDUiIGQ9Ik0xOS40OTQgMzIuMjUyYy0zLjE3OCAwLTUuNzkzLTEuMjgzLTUuOTQxLTEuMzU3LS40OTMtLjI0Ny0uNjkzLS44NDYtLjQ0Ny0xLjM0LjI0Ni0uNDk0Ljg0NS0uNjk1IDEuMzQtLjQ1LjA0Mi4wMjEgNC4yNDEgMi4wNjEgNy45NTcuNjQxIDIuMDU1LS43ODUgMy42MjUtMi41MDcgNC42NjktNS4xMTYuMjA1LS41MTUuNzkxLS43NjMgMS4zLS41NTguNTEzLjIwNS43NjMuNzg3LjU1OCAxLjMtMS4yNjMgMy4xNTUtMy4yMjMgNS4yNTgtNS44MjcgNi4yNDgtMS4yMTYuNDYxLTIuNDUxLjYzMi0zLjYwOS42MzJ6Ii8+PC9zdmc+\" alt=\"\" class=\"emoji-icon\" style=\"vertical-align: text-top;\">', '', '', '', '2022-02-13 17:56:54', '');
INSERT INTO `zy_comments` VALUES ('6adc16c29c3e7e96ca93369eac77960a', '2df8c9315be2732c1e21829df096412b', 'd868d016179232ce8fde6d80d2454d65', 'f0b34fd30a010627fc8fd954542fdf7d', '匿名2', 'http://localhost:5220/zy-server/public/images?id=164466183089025c842ff5fae3.jpg', '幅度萨芬', '269aa98b94039c221795e3bcf89c8b6c', '匿名', 'http://localhost:5220/zy-server/public/images?id=164466183089025c842ff5fae3.jpg', '2022-02-13 19:17:46', '');
INSERT INTO `zy_comments` VALUES ('6bb5a9d0696771c4d83424d5829e70af', '2df8c9315be2732c1e21829df096412b', '0aeb0cccac989b3c0513532bcebb7437', '7e24d8a5c38ab067e47f2c19eb12f147', '匿名2', 'http://localhost:5220/zy-server/public/images?id=164466183089025c842ff5fae3.jpg', '说的都是', '9783dab4a613eaed8a6157cd926c79db', '匿名2', 'http://localhost:5220/zy-server/public/images?id=164466183089025c842ff5fae3.jpg', '2022-02-13 19:23:25', '');
INSERT INTO `zy_comments` VALUES ('6d6900954e94390e19bce93dfb8c1345', NULL, 'c40f484a25a7818bb09db0f7b8f76e4c', '9e045a3b44c2ec3e82f8d46fe5c4d225', '匿名2', 'http://localhost:5220/zy-server/public/images?id=164466183089025c842ff5fae3.jpg', '第三方的', 'eafcdaa7f82ba60949248fb9220c7a06', '匿名', 'http://localhost:5220/zy-server/public/images?id=164466183089025c842ff5fae3.jpg', '2022-02-13 17:49:21', '');
INSERT INTO `zy_comments` VALUES ('6e9c883f783783cbd155d45eb74351da', '2df8c9315be2732c1e21829df096412b', 'd868d016179232ce8fde6d80d2454d65', '97c66631f80f7b7c38fbaea8335925d5', '匿名2', 'http://localhost:5220/zy-server/public/images?id=164466183089025c842ff5fae3.jpg', '幅度萨芬', 'f0b34fd30a010627fc8fd954542fdf7d', '匿名2', 'http://localhost:5220/zy-server/public/images?id=164466183089025c842ff5fae3.jpg', '2022-02-13 19:25:49', '');
INSERT INTO `zy_comments` VALUES ('77618287dc953e0f23436e2329318796', 'c4db600ee5d7c3e6a191441bf79aa827', '41f32257b6689ced2c3febafd2d22af0', 'a6c7876141cc9400fbb0d689a36ac959', '匿名2', 'http://localhost:5220/zy-server/public/images?id=164466183089025c842ff5fae3.jpg', '<img data-v-7c9572d1=\"\" width=\"20\" height=\"20\" src=\"data:image/svg+xml;base64,PHN2ZyB4bWxucz0iaHR0cDovL3d3dy53My5vcmcvMjAwMC9zdmciIHZpZXdCb3g9IjAgMCAzNiAzNiI+PHBhdGggZmlsbD0iI0ZGQ0M0RCIgZD0iTTM2IDE4YzAgOS45NDEtOC4wNTkgMTgtMTggMTgtOS45NCAwLTE4LTguMDU5LTE4LTE4QzAgOC4wNiA4LjA2IDAgMTggMGM5Ljk0MSAwIDE4IDguMDYgMTggMTgiLz48cGF0aCBmaWxsPSIjNjY0NTAwIiBkPSJNMjguNDU3IDE3Ljc5N2MtLjA2LS4xMzUtMS40OTktMy4yOTctNC40NTctMy4yOTctMi45NTcgMC00LjM5NyAzLjE2Mi00LjQ1NyAzLjI5Ny0uMDkyLjIwNy0uMDMyLjQ0OS4xNDUuNTkxLjE3NS4xNDIuNDI2LjE0Ny42MS4wMTQuMDEyLS4wMDkgMS4yNjItLjkwMiAzLjcwMi0uOTAyIDIuNDI2IDAgMy42NzQuODgxIDMuNzAyLjkwMS4wODguMDY2LjE5NC4wOTkuMjk4LjA5OS4xMSAwIC4yMjEtLjAzNy4zMTItLjEwOS4xNzctLjE0Mi4yMzgtLjM4Ni4xNDUtLjU5NHptLTEyIDBjLS4wNi0uMTM1LTEuNDk5LTMuMjk3LTQuNDU3LTMuMjk3LTIuOTU3IDAtNC4zOTcgMy4xNjItNC40NTcgMy4yOTctLjA5Mi4yMDctLjAzMi40NDkuMTQ0LjU5MS4xNzYuMTQyLjQyNy4xNDcuNjEuMDE0LjAxMy0uMDA5IDEuMjYyLS45MDIgMy43MDMtLjkwMiAyLjQyNiAwIDMuNjc0Ljg4MSAzLjcwMi45MDEuMDg4LjA2Ni4xOTQuMDk5LjI5OC4wOTkuMTEgMCAuMjIxLS4wMzcuMzEyLS4xMDkuMTc4LS4xNDIuMjM3LS4zODYuMTQ1LS41OTR6TTMxIDE2Yy0uMzk2IDAtLjc3Mi0uMjM4LS45MjktLjYyOS0xLjc3OC00LjQ0NS02LjIyMy01LjM4MS02LjI2OC01LjM5MS0uNTQxLS4xMDgtLjg5My0uNjM1LS43ODQtMS4xNzcuMTA4LS41NDIuNjM1LS44OTEgMS4xNzctLjc4NC4yMjYuMDQ1IDUuNTU2IDEuMTY4IDcuNzMyIDYuNjA4LjIwNS41MTMtLjA0NSAxLjA5NS0uNTU4IDEuMy0uMTIuMDUtLjI0Ni4wNzMtLjM3LjA3M3pNNSAxNmMtLjEyNCAwLS4yNDktLjAyMy0uMzcxLS4wNzItLjUxMy0uMjA1LS43NjItLjc4Ny0uNTU3LTEuMyAyLjE3Ni01LjQ0IDcuNTA2LTYuNTYzIDcuNzMyLTYuNjA4LjU0My0uMTA2IDEuMDY4LjI0MyAxLjE3Ny43ODQuMTA4LjU0LS4yNDIgMS4wNjYtLjc4MSAxLjE3Ni0uMTg1LjAzOC00LjUwNi45OC02LjI3MSA1LjM5MS0uMTU3LjM5MS0uNTMzLjYyOS0uOTI5LjYyOXptMTMgNmMtMy42MjMgMC02LjAyNy0uNDIyLTktMS0uNjc5LS4xMzEtMiAwLTIgMiAwIDQgNC41OTUgOSAxMSA5IDYuNDA0IDAgMTEtNSAxMS05IDAtMi0xLjMyMS0yLjEzMi0yLTItMi45NzMuNTc4LTUuMzc3IDEtOSAxeiIvPjxwYXRoIGZpbGw9IiNGRkYiIGQ9Ik05IDIzczMgMSA5IDEgOS0xIDktMS0yIDQtOSA0LTktNC05LTR6Ii8+PHBhdGggZmlsbD0iIzVEQURFQyIgZD0iTTEwLjg0NyAyOC4yMjljLS42OCAyLjY3Ny0zLjQgNC4yOTUtNi4wNzcgMy42MTUtMi42NzYtLjY3OS00LjI5NS0zLjM5OS0zLjYxNi02LjA3Ni42NzktMi42NzcgNi4zMzctOC43MDggNy4zMDctOC40NjIuOTcuMjQ3IDMuMDY1IDguMjQ3IDIuMzg2IDEwLjkyM3ptMTQuMjg2IDBjLjY4IDIuNjc3IDMuNCA0LjI5NSA2LjA3NyAzLjYxNSAyLjY3Ny0uNjc5IDQuMjk2LTMuMzk5IDMuNjE2LTYuMDc2LS42OC0yLjY3Ny02LjMzOC04LjcwOC03LjMwOC04LjQ2Mi0uOTY4LjI0Ny0zLjA2NCA4LjI0Ny0yLjM4NSAxMC45MjN6Ii8+PC9zdmc+\" alt=\"\" class=\"emoji-icon\" style=\"vertical-align: text-top;\">', 'f22ca83f941a1afd0b69c855c0692477', '匿名', 'http://localhost:5220/zy-server/public/images?id=164466183089025c842ff5fae3.jpg', '2022-02-13 17:53:46', '');
INSERT INTO `zy_comments` VALUES ('77e34407230070d34395d34e3972718e', '2df8c9315be2732c1e21829df096412b', 'd868d016179232ce8fde6d80d2454d65', 'e218f9ef10004d416d299f8e8a0b925c', '匿名2', 'http://localhost:5220/zy-server/public/images?id=164466183089025c842ff5fae3.jpg', '犯得上反对', 'f0b34fd30a010627fc8fd954542fdf7d', '匿名2', 'http://localhost:5220/zy-server/public/images?id=164466183089025c842ff5fae3.jpg', '2022-02-13 19:26:32', '');
INSERT INTO `zy_comments` VALUES ('7b76654209ea9bdafaeacd0607e229fd', 'c4db600ee5d7c3e6a191441bf79aa827', '41f32257b6689ced2c3febafd2d22af0', 'f9dd7955c498482a4d4a37d5fa843818', '匿名2', 'http://localhost:5220/zy-server/public/images?id=164466183089025c842ff5fae3.jpg', '啊倒萨', 'f22ca83f941a1afd0b69c855c0692477', '匿名', 'http://localhost:5220/zy-server/public/images?id=164466183089025c842ff5fae3.jpg', '2022-02-13 17:55:27', '');
INSERT INTO `zy_comments` VALUES ('86adbadcb1c91d47b1e4a4f7f68150a1', '0aee5066c079e18ef9e658492d1cc3d2', '0', '72258263e9ebb5e1ccddaec1a43c2a16', '匿名', 'http://localhost:5220/zy-server/public/images?id=164466183089025c842ff5fae3.jpg', '犯得上广泛大使馆', '', '', '', '2022-02-13 17:33:12', '');
INSERT INTO `zy_comments` VALUES ('9fdaf7e24d15ff0127685fee09db2449', '0aee5066c079e18ef9e658492d1cc3d2', '0', '108f7be305f2bef3ffdc36bc407cd29f', '匿名', 'http://localhost:5220/zy-server/public/images?id=164466183089025c842ff5fae3.jpg', '8587557555555555', '', '', '', '2022-02-13 17:37:00', '');
INSERT INTO `zy_comments` VALUES ('a17fe6ffa7c2ce0ac8aee554cfaf00d9', '5d4968c2cb2b8c90c58fd95506cba45d', '5f5ecfa4519ccc77e50d67b24326f3f7', '2e02b6d6a7357fa6f4f0fbc9b077e5d3', '匿名2', 'http://localhost:5220/zy-server/public/images?id=164466183089025c842ff5fae3.jpg', '<div>比如，上课，老师提了一个问题，所有会这道问题的学生都解答这个问题。其中老师就是主对象，老师提问就是状态改变，学生是依赖于老师的对象，学生回答问题就是针对老师提问这个状态所做的改变。</div><div><br></div><div>弄清楚这个原理，我们来看看怎么用代码实现。</div><div><br></div><div>我们可以创建一个对象帮我们监控主对象得改变，而且要通知订阅了主对象改变这个时间的依赖对象做出相应，还以上面老师提问学生答为例，我们创一个Observer的<img data-v-7c9572d1=\"\" width=\"20\" height=\"20\" src=\"data:image/svg+xml;base64,PHN2ZyB4bWxucz0iaHR0cDovL3d3dy53My5vcmcvMjAwMC9zdmciIHZpZXdCb3g9IjAgMCAzNiAzNiI+PHBhdGggZmlsbD0iI0ZGQ0I0RSIgZD0iTTMzIDE3YzEuMDcyLTYuMDg0IDEuMjYyLTE1LjA0OCAwLTE1Ljg2NEMzMS43MzguMzIyIDIyLjkyOCAzLjM1MyAyMS4wODYgNy40IDIwLjA4MSA3LjEzMiAxOCA3IDE4IDdzLTIuMDEzLjEzMi0zLjAxNy4zOTlDMTMuMTQgMy4zNTIgNC4yNjEuMzIxIDMgMS4xMzYgMS43MzggMS45NTIgMS45MjYgMTAuOTE2IDMgMTdjMCAwLS45NjcgMS45NzktLjk2NyA4Ljk1bDE2LTMuOTY3IDE2IDRDMzQuMDMzIDE4Ljk3OSAzMyAxNyAzMyAxN3oiLz48cGF0aCBmaWxsPSIjRkZEODgyIiBkPSJNMjMuOTQ2IDE5LjI4MmMtMi4wODUgMC00LjI3My40NzctNS45MTMgMS4yODEtMS42MzktLjgwNS0zLjgyNy0xLjI4MS01LjkxMi0xLjI4MS05LjkzMiAwLTEwLjA4OCA1LjEtMTAuMDg4IDYuNjY0QzIuMDMzIDI3LjUwNSA0IDM1Ljk3OSAxOCAzNS45NzlzMTYuMDMzLTguNDQxIDE2LjAzMy0xMGMwLTEuNTY0LS4xNTYtNi42OTctMTAuMDg3LTYuNjk3eiIvPjxwYXRoIGZpbGw9IiNGMjhGMjAiIGQ9Ik0yMy40MDYgOC4wNTRjMi4xNy0yLjM4MyA2LjY4MS00LjE3MiA3LjYwNy0zLjk0NS43NTIuMTgyLjYzNSA2LjM4Ny4wMzEgOS45MzgtMi41NjItNC4yNTEtNy42MzgtNS45OTMtNy42MzgtNS45OTN6bS0xMC43NDYgMGMtMi4xNjgtMi4zODMtNi42OC00LjE3Mi03LjYwNi0zLjk0NS0uNzU0LjE4Mi0uNjM3IDYuMzg3LS4wMzEgOS45MzggMi41NjMtNC4yNTEgNy42MzctNS45OTMgNy42MzctNS45OTN6Ii8+PHBhdGggZmlsbD0iI0ZBQUEzNSIgZD0iTTIyLjA0IDIwYzAtNC42OTMtMS44MDktMTMtNC4wNC0xM3MtNC4wNCA4LjMwNy00LjA0IDEzYzAgNC42OTUgMS44MDkgMiA0LjA0IDJzNC4wNCAyLjY5NSA0LjA0LTJ6Ii8+PHBhdGggZmlsbD0iIzJBMkYzMyIgZD0iTTE1LjAxOSAxNi45OTljMCAxLjEwNS0uOTA0IDItMi4wMTkgMnMtMi4wMTktLjg5NS0yLjAxOS0yYzAtMS4xMDQuOTA0LTEuOTk4IDIuMDE5LTEuOTk4czIuMDE5Ljg5NSAyLjAxOSAxLjk5OHptMTAuMDIuMDAxYzAgMS4xMDUtLjkwNCAyLTIuMDIgMkMyMS45MDQgMTkgMjEgMTguMTA1IDIxIDE3YzAtMS4xMDQuOTA0LTEuOTk4IDIuMDItMS45OTggMS4xMTUgMCAyLjAxOS44OTQgMi4wMTkgMS45OTh6Ii8+PHBhdGggZmlsbD0iI0YyOEYyMCIgZD0iTTIzLjgwNCAyOC44OTVjLTMuNDg4LjY5Ni00LjU1LS43ODUtNC43ODQtMS4yMjlWMjVjMC0uNTUzLS40NDctMS0xLTEtLjU1MyAwLTEgLjQ0Ny0xIDF2Mi42NTljLS4yNDYuNDUyLTEuMzM4IDEuOTMxLTQuODIzIDEuMjM2LS41NDgtLjExMy0xLjA2OS4yNDMtMS4xNzcuNzg0LS4xMDguNTQyLjI0MyAxLjA2OC43ODQgMS4xNzcuNzkuMTU4IDEuNDk1LjIyNyAyLjEyNy4yMjcgMi4wNzggMCAzLjMzOS0uNzQxIDQuMDgxLTEuNDczLjczNS43MzMgMS45ODYgMS40NzMgNC4wNTggMS40NzMuNjMxIDAgMS4zMzctLjA2OCAyLjEyNi0uMjI3LjU0MS0uMTA4Ljg5My0uNjM1Ljc4NC0xLjE3Ny0uMTA3LS41NDEtLjYyOS0uODk3LTEuMTc2LS43ODR6Ii8+PHBhdGggZmlsbD0iIzI5MkYzMyIgZD0iTTIyLjAyIDIxLjU5MmMwIDEuNzU4LTMuMjE2IDMuOTc4LTQuMDIgMy45NzgtLjgwMyAwLTQuMDE5LTIuMjIxLTQuMDE5LTMuOTc4QzEzLjk4MSAxOS44MzIgMTYuMjI1IDIwIDE4IDIwczQuMDItLjE2OCA0LjAyIDEuNTkyeiIvPjxwYXRoIGZpbGw9IiNGMzkxMjAiIGQ9Ik0zNC4wMjEgMzEuOTM1Yy0uMjc3IDAtLjU1My0uMTE1LS43NTEtLjMzOS0uMDMtLjAzNS0zLjE4MS0zLjUwMi0xMC40MS00LjYyNC0uNTQ2LS4wODUtLjkyLS41OTYtLjgzNS0xLjE0Mi4wODUtLjU0Ni41OTctLjkxNSAxLjE0Mi0uODM1LjM2Ni4wNTcuNzI0LjExOSAxLjA3Mi4xODcgNy4yNDIgMS40MDQgMTAuMzk5IDQuOTM5IDEwLjUzNiA1LjA5Ni4zNjIuNDE2LjMxOSAxLjA0OC0uMDk3IDEuNDExLS4xODkuMTY1LS40MjMuMjQ2LS42NTcuMjQ2eiIvPjxwYXRoIGZpbGw9IiNGMzkxMjAiIGQ9Ik0yMy4wMTQgMjYuOTgzYy0uNDA2IDAtLjc4OS0uMjUtLjkzOS0uNjUzLS4xOTEtLjUxOS4wNzQtMS4wOTQuNTkyLTEuMjg1IDUuNDc3LTIuMDIzIDEyLjE2MS0uMTg5IDEyLjQ1LS4xMDguNTMyLjE0OC44NDMuNjk5LjY5NSAxLjIzLS4xNDYuNTMyLS42OTcuODQzLTEuMjI5LjY5Ny0uMDY0LS4wMTgtNi4zNTgtMS43MzktMTEuMjIzLjA1OC0uMTE0LjA0Mi0uMjMxLjA2MS0uMzQ2LjA2MXpNMS45ODggMzEuOTM1Yy4yNzcgMCAuNTUzLS4xMTUuNzUxLS4zMzkuMDMtLjAzNSAzLjE4MS0zLjUwMiAxMC40MS00LjYyNC41NDYtLjA4NS45Mi0uNTk2LjgzNS0xLjE0Mi0uMDg1LS41NDYtLjU5Ny0uOTE1LTEuMTQyLS44MzUtLjM2Ni4wNTctLjcyNC4xMTktMS4wNzIuMTg3LTcuMjQyIDEuNDA0LTEwLjM5OSA0LjkzOS0xMC41MzYgNS4wOTYtLjM2Mi40MTYtLjMxOSAxLjA0OC4wOTcgMS40MTEuMTkuMTY1LjQyNC4yNDYuNjU3LjI0NnoiLz48cGF0aCBmaWxsPSIjRjM5MTIwIiBkPSJNMTIuOTk2IDI2Ljk4M2MuNDA2IDAgLjc4OS0uMjUuOTM4LS42NTMuMTkxLS41MTktLjA3NC0xLjA5NC0uNTkyLTEuMjg1LTUuNDc3LTIuMDIzLTEyLjE2MS0uMTg5LTEyLjQ1LS4xMDgtLjUzMi4xNDgtLjg0My42OTktLjY5NSAxLjIzLjE0Ni41MzIuNjk3Ljg0MyAxLjIyOS42OTcuMDY0LS4wMTggNi4zNTgtMS43MzkgMTEuMjIzLjA1OC4xMTUuMDQyLjIzMi4wNjEuMzQ3LjA2MXoiLz48L3N2Zz4=\" alt=\"\" class=\"emoji-icon\" style=\"vertical-align: text-top;\"><img data-v-7c9572d1=\"\" width=\"20\" height=\"20\" src=\"data:image/svg+xml;base64,PHN2ZyB4bWxucz0iaHR0cDovL3d3dy53My5vcmcvMjAwMC9zdmciIHZpZXdCb3g9IjAgMCAzNiAzNiI+PHBhdGggZmlsbD0iI0ZGREM1RCIgZD0iTTUgMjFjMCAyLjIwOS0xLjExOSA0LTIuNSA0UzAgMjMuMjA5IDAgMjFzMS4xMTktNCAyLjUtNFM1IDE4Ljc5MSA1IDIxeiIvPjxwYXRoIGZpbGw9IiNGRkRDNUQiIGQ9Ik0zIDE4LjU2MkMzIDEwLjAzNyA4LjM3MyAzLjEyNSAxNSAzLjEyNXMxMiA2LjkxMiAxMiAxNS40MzhDMjcgMjcuMDg4IDIxLjYyNyAzNCAxNSAzNFMzIDI3LjA4OCAzIDE4LjU2MnoiLz48cGF0aCBmaWxsPSIjREQyRTQ0IiBkPSJNMjAgMGMtLjI0OSAwLS40NzguMDA3LS43MTMuMDEyQzE5LjE5LjAxIDE5LjA5NyAwIDE5IDAgOSAwIDIgNC41ODIgMiA5czYuMzczIDQgMTMgNGM0LjQ0MiAwIDcuNjQ4IDAgOS45NjYtLjA4NkwyNSAxM2w2IDE1aDJzLjM0My0zLjA1NSAxLTdjMS02IC41MzMtMjEtMTQtMjF6Ii8+PHBhdGggZmlsbD0iI0ZGREM1RCIgZD0iTTMwIDIxYzAgMi4yMDktMS4xMTkgNC0yLjUgNFMyNSAyMy4yMDkgMjUgMjFzMS4xMTktNCAyLjUtNCAyLjUgMS43OTEgMi41IDR6Ii8+PHBhdGggZmlsbD0iIzY2MjExMyIgZD0iTTEwIDIxYy0uNTUyIDAtMS0uNDQ3LTEtMXYtMmMwLS41NTIuNDQ4LTEgMS0xczEgLjQ0OCAxIDF2MmMwIC41NTMtLjQ0OCAxLTEgMXptMTAgMGMtLjU1MyAwLTEtLjQ0Ny0xLTF2LTJjMC0uNTUyLjQ0Ny0xIDEtMXMxIC40NDggMSAxdjJjMCAuNTUzLS40NDcgMS0xIDF6Ii8+PHBhdGggZmlsbD0iI0I3NzU1RSIgZD0iTTE2IDI2aC0yYy0uNTUyIDAtMS0uNDQ3LTEtMXMuNDQ4LTEgMS0xaDJjLjU1MiAwIDEgLjQ0NyAxIDFzLS40NDggMS0xIDF6Ii8+PHBhdGggZmlsbD0iI0U2RTdFOCIgZD0iTTI3IDI1YzAtMi0yLjI5My0uNzA3LTMgMC0xIDEtMyAzLTUgMi0yLjgyOC0xLjQxNC00LTEtNC0xcy0xLjE3MS0uNDE0LTQgMWMtMiAxLTQtMS01LTItLjcwNy0uNzA3LTMtMi0zIDBzMSAyIDEgMmMtMSAyIDEgMyAxIDMgMCAzIDMgMyAzIDMgMCAzIDQgMiA0IDIgMSAxIDMgMSAzIDFzMiAwIDMtMWMwIDAgNCAxIDQtMiAwIDAgMyAwIDMtMyAwIDAgMi0xIDEtMyAwIDAgMSAwIDEtMnoiLz48cGF0aCBmaWxsPSIjRkZEQzVEIiBkPSJNMTUgMjhjNyAwIDQgMiAwIDJzLTctMiAwLTJ6Ii8+PGVsbGlwc2UgZmlsbD0iI0QxRDNENCIgY3g9IjMiIGN5PSIxNCIgcng9IjIiIHJ5PSI0Ii8+PGVsbGlwc2UgZmlsbD0iI0QxRDNENCIgY3g9IjI2IiBjeT0iMTQiIHJ4PSIyIiByeT0iNCIvPjxjaXJjbGUgZmlsbD0iI0YxRjJGMiIgY3g9IjMyIiBjeT0iMjkiIHI9IjQiLz48cGF0aCBmaWxsPSIjRjFGMkYyIiBkPSJNMjkgMTJjMCAxLjEwNC0uODk2IDItMiAySDJjLTEuMTA0IDAtMi0uODk2LTItMnYtMWMwLTEuMTA0Ljg5Ni0yIDItMmgyNWMxLjEwNCAwIDIgLjg5NiAyIDJ2MXoiLz48L3N2Zz4=\" alt=\"\" class=\"emoji-icon\" style=\"vertical-align: text-top;\">对象，它得能帮学生去订阅老师提问某个问题，也得能帮老师发出提问得消息，而且既然有订阅，就得有解除订阅，所以得有一个解除订阅得方法，基于这个思路，我们设计的Observer差不多就是以下这个样子</div>', '0412590b3dc8f205449ef7aaf4bb8615', '匿名', 'http://localhost:5220/zy-server/public/images?id=164466183089025c842ff5fae3.jpg', '2022-02-13 17:58:01', '');
INSERT INTO `zy_comments` VALUES ('a9c03176427cedd08c5153705aa876b9', 'c4db600ee5d7c3e6a191441bf79aa827', '41f32257b6689ced2c3febafd2d22af0', '14a3a49dbafe8e769517853575a37806', '匿名2', 'http://localhost:5220/zy-server/public/images?id=164466183089025c842ff5fae3.jpg', '犯得上反对', 'f22ca83f941a1afd0b69c855c0692477', '匿名', 'http://localhost:5220/zy-server/public/images?id=164466183089025c842ff5fae3.jpg', '2022-02-13 17:53:21', '');
INSERT INTO `zy_comments` VALUES ('a9f5a9c70ff579e7fabbb6ee909fe185', '2df8c9315be2732c1e21829df096412b', 'd868d016179232ce8fde6d80d2454d65', 'f54619a5e5e9b7d84cd5468ecb0e7617', '匿名2', 'http://localhost:5220/zy-server/public/images?id=164466183089025c842ff5fae3.jpg', '幅度萨芬', 'f0b34fd30a010627fc8fd954542fdf7d', '匿名2', 'http://localhost:5220/zy-server/public/images?id=164466183089025c842ff5fae3.jpg', '2022-02-13 19:25:33', '');
INSERT INTO `zy_comments` VALUES ('ae5263921a5d5eaf7c83a445ad12bcaf', 'c4db600ee5d7c3e6a191441bf79aa827', '0', '74da4f549a7169d8d1e7c3c573cd5927', '匿名', 'http://localhost:5220/zy-server/public/images?id=164466183089025c842ff5fae3.jpg', '是的地方都是', '', '', '', '2022-02-13 17:40:35', '');
INSERT INTO `zy_comments` VALUES ('b7e5010605e2b776f7c199be36ad9716', '0aee5066c079e18ef9e658492d1cc3d2', '0', '8b06b7ec00ddcc2257770ff1691f3139', '匿名', 'http://localhost:5220/zy-server/public/images?id=164466183089025c842ff5fae3.jpg', '梵蒂冈反对', '', '', '', '2022-02-13 17:34:13', '');
INSERT INTO `zy_comments` VALUES ('c40f484a25a7818bb09db0f7b8f76e4c', 'c4db600ee5d7c3e6a191441bf79aa827', '0', 'eafcdaa7f82ba60949248fb9220c7a06', '匿名', 'http://localhost:5220/zy-server/public/images?id=164466183089025c842ff5fae3.jpg', '大师傅大师傅但是', '', '', '', '2022-02-13 17:40:55', '');
INSERT INTO `zy_comments` VALUES ('c9853c010a14d764b0966cd1df70ec10', '0aee5066c079e18ef9e658492d1cc3d2', '0', 'a885944a29dc8f31ccc98eaf88c71b30', '匿名', 'http://localhost:5220/zy-server/public/images?id=164466183089025c842ff5fae3.jpg', '范德萨范德萨', '', '', '', '2022-02-13 17:37:29', '');
INSERT INTO `zy_comments` VALUES ('ced91fa7780da6b0e7156abc3cbaaf8d', NULL, '41f32257b6689ced2c3febafd2d22af0', '38f24c3fcecc058d5cc4ad5cfec11814', '匿名2', 'http://localhost:5220/zy-server/public/images?id=164466183089025c842ff5fae3.jpg', '广泛大锅饭大概<img data-v-7c9572d1=\"\" width=\"20\" height=\"20\" src=\"data:image/svg+xml;base64,PHN2ZyB4bWxucz0iaHR0cDovL3d3dy53My5vcmcvMjAwMC9zdmciIHZpZXdCb3g9IjAgMCAzNiAzNiI+PHBhdGggZmlsbD0iI0ZGQ0M0RCIgZD0iTTM2IDE4YzAgOS45NDEtOC4wNTkgMTgtMTggMTgtOS45NCAwLTE4LTguMDU5LTE4LTE4QzAgOC4wNiA4LjA2IDAgMTggMGM5Ljk0MSAwIDE4IDguMDYgMTggMTgiLz48cGF0aCBmaWxsPSIjNjY0NTAwIiBkPSJNMjguNDU3IDE3Ljc5N2MtLjA2LS4xMzUtMS40OTktMy4yOTctNC40NTctMy4yOTctMi45NTcgMC00LjM5NyAzLjE2Mi00LjQ1NyAzLjI5Ny0uMDkyLjIwNy0uMDMyLjQ0OS4xNDUuNTkxLjE3NS4xNDIuNDI2LjE0Ny42MS4wMTQuMDEyLS4wMDkgMS4yNjItLjkwMiAzLjcwMi0uOTAyIDIuNDI2IDAgMy42NzQuODgxIDMuNzAyLjkwMS4wODguMDY2LjE5NC4wOTkuMjk4LjA5OS4xMSAwIC4yMjEtLjAzNy4zMTItLjEwOS4xNzctLjE0Mi4yMzgtLjM4Ni4xNDUtLjU5NHptLTEyIDBjLS4wNi0uMTM1LTEuNDk5LTMuMjk3LTQuNDU3LTMuMjk3LTIuOTU3IDAtNC4zOTcgMy4xNjItNC40NTcgMy4yOTctLjA5Mi4yMDctLjAzMi40NDkuMTQ0LjU5MS4xNzYuMTQyLjQyNy4xNDcuNjEuMDE0LjAxMy0uMDA5IDEuMjYyLS45MDIgMy43MDMtLjkwMiAyLjQyNiAwIDMuNjc0Ljg4MSAzLjcwMi45MDEuMDg4LjA2Ni4xOTQuMDk5LjI5OC4wOTkuMTEgMCAuMjIxLS4wMzcuMzEyLS4xMDkuMTc4LS4xNDIuMjM3LS4zODYuMTQ1LS41OTR6TTE4IDIyYy0zLjYyMyAwLTYuMDI3LS40MjItOS0xLS42NzktLjEzMS0yIDAtMiAyIDAgNCA0LjU5NSA5IDExIDkgNi40MDQgMCAxMS01IDExLTkgMC0yLTEuMzIxLTIuMTMyLTItMi0yLjk3My41NzgtNS4zNzcgMS05IDF6Ii8+PHBhdGggZmlsbD0iI0ZGRiIgZD0iTTkgMjNzMyAxIDkgMSA5LTEgOS0xLTIgNC05IDQtOS00LTktNHoiLz48L3N2Zz4=\" alt=\"\" class=\"emoji-icon\" style=\"vertical-align: text-top;\">', 'f22ca83f941a1afd0b69c855c0692477', '匿名', 'http://localhost:5220/zy-server/public/images?id=164466183089025c842ff5fae3.jpg', '2022-02-13 17:50:42', '');
INSERT INTO `zy_comments` VALUES ('cf1c876290b116b15e5a6211d8878321', NULL, 'c40f484a25a7818bb09db0f7b8f76e4c', '8c7c3d864679e2f3ad040ce180e4d172', '匿名2', 'http://localhost:5220/zy-server/public/images?id=164466183089025c842ff5fae3.jpg', '士大夫但是', 'eafcdaa7f82ba60949248fb9220c7a06', '匿名', 'http://localhost:5220/zy-server/public/images?id=164466183089025c842ff5fae3.jpg', '2022-02-13 17:49:02', '');
INSERT INTO `zy_comments` VALUES ('d2e2a8fe7b1ee93158bce11c587901ec', 'c4db600ee5d7c3e6a191441bf79aa827', '370e01784d5196ca8b24763d45a1a6c8', '5d79ee51ec5532b8e5cf5d81be9d8f6d', '匿名2', 'http://localhost:5220/zy-server/public/images?id=164466183089025c842ff5fae3.jpg', '你好啊', 'da9aef6220ed2d8fb94e9b7f8c377479', '匿名', 'http://localhost:5220/zy-server/public/images?id=164466183089025c842ff5fae3.jpg', '2022-02-13 17:55:42', '');
INSERT INTO `zy_comments` VALUES ('d868d016179232ce8fde6d80d2454d65', '2df8c9315be2732c1e21829df096412b', '0', '269aa98b94039c221795e3bcf89c8b6c', '匿名', 'http://localhost:5220/zy-server/public/images?id=164466183089025c842ff5fae3.jpg', '我是第一个<img data-v-7c9572d1=\"\" width=\"20\" height=\"20\" src=\"data:image/svg+xml;base64,PHN2ZyB4bWxucz0iaHR0cDovL3d3dy53My5vcmcvMjAwMC9zdmciIHZpZXdCb3g9IjAgMCAzNiAzNiI+PHBhdGggZmlsbD0iI0ZGQ0I0RSIgZD0iTTMzIDE3YzEuMDcyLTYuMDg0IDEuMjYyLTE1LjA0OCAwLTE1Ljg2NEMzMS43MzguMzIyIDIyLjkyOCAzLjM1MyAyMS4wODYgNy40IDIwLjA4MSA3LjEzMiAxOCA3IDE4IDdzLTIuMDEzLjEzMi0zLjAxNy4zOTlDMTMuMTQgMy4zNTIgNC4yNjEuMzIxIDMgMS4xMzYgMS43MzggMS45NTIgMS45MjYgMTAuOTE2IDMgMTdjMCAwLS45NjcgMS45NzktLjk2NyA4Ljk1bDE2LTMuOTY3IDE2IDRDMzQuMDMzIDE4Ljk3OSAzMyAxNyAzMyAxN3oiLz48cGF0aCBmaWxsPSIjRkZEODgyIiBkPSJNMjMuOTQ2IDE5LjI4MmMtMi4wODUgMC00LjI3My40NzctNS45MTMgMS4yODEtMS42MzktLjgwNS0zLjgyNy0xLjI4MS01LjkxMi0xLjI4MS05LjkzMiAwLTEwLjA4OCA1LjEtMTAuMDg4IDYuNjY0QzIuMDMzIDI3LjUwNSA0IDM1Ljk3OSAxOCAzNS45NzlzMTYuMDMzLTguNDQxIDE2LjAzMy0xMGMwLTEuNTY0LS4xNTYtNi42OTctMTAuMDg3LTYuNjk3eiIvPjxwYXRoIGZpbGw9IiNGMjhGMjAiIGQ9Ik0yMy40MDYgOC4wNTRjMi4xNy0yLjM4MyA2LjY4MS00LjE3MiA3LjYwNy0zLjk0NS43NTIuMTgyLjYzNSA2LjM4Ny4wMzEgOS45MzgtMi41NjItNC4yNTEtNy42MzgtNS45OTMtNy42MzgtNS45OTN6bS0xMC43NDYgMGMtMi4xNjgtMi4zODMtNi42OC00LjE3Mi03LjYwNi0zLjk0NS0uNzU0LjE4Mi0uNjM3IDYuMzg3LS4wMzEgOS45MzggMi41NjMtNC4yNTEgNy42MzctNS45OTMgNy42MzctNS45OTN6Ii8+PHBhdGggZmlsbD0iI0ZBQUEzNSIgZD0iTTIyLjA0IDIwYzAtNC42OTMtMS44MDktMTMtNC4wNC0xM3MtNC4wNCA4LjMwNy00LjA0IDEzYzAgNC42OTUgMS44MDkgMiA0LjA0IDJzNC4wNCAyLjY5NSA0LjA0LTJ6Ii8+PHBhdGggZmlsbD0iIzJBMkYzMyIgZD0iTTE1LjAxOSAxNi45OTljMCAxLjEwNS0uOTA0IDItMi4wMTkgMnMtMi4wMTktLjg5NS0yLjAxOS0yYzAtMS4xMDQuOTA0LTEuOTk4IDIuMDE5LTEuOTk4czIuMDE5Ljg5NSAyLjAxOSAxLjk5OHptMTAuMDIuMDAxYzAgMS4xMDUtLjkwNCAyLTIuMDIgMkMyMS45MDQgMTkgMjEgMTguMTA1IDIxIDE3YzAtMS4xMDQuOTA0LTEuOTk4IDIuMDItMS45OTggMS4xMTUgMCAyLjAxOS44OTQgMi4wMTkgMS45OTh6Ii8+PHBhdGggZmlsbD0iI0YyOEYyMCIgZD0iTTIzLjgwNCAyOC44OTVjLTMuNDg4LjY5Ni00LjU1LS43ODUtNC43ODQtMS4yMjlWMjVjMC0uNTUzLS40NDctMS0xLTEtLjU1MyAwLTEgLjQ0Ny0xIDF2Mi42NTljLS4yNDYuNDUyLTEuMzM4IDEuOTMxLTQuODIzIDEuMjM2LS41NDgtLjExMy0xLjA2OS4yNDMtMS4xNzcuNzg0LS4xMDguNTQyLjI0MyAxLjA2OC43ODQgMS4xNzcuNzkuMTU4IDEuNDk1LjIyNyAyLjEyNy4yMjcgMi4wNzggMCAzLjMzOS0uNzQxIDQuMDgxLTEuNDczLjczNS43MzMgMS45ODYgMS40NzMgNC4wNTggMS40NzMuNjMxIDAgMS4zMzctLjA2OCAyLjEyNi0uMjI3LjU0MS0uMTA4Ljg5My0uNjM1Ljc4NC0xLjE3Ny0uMTA3LS41NDEtLjYyOS0uODk3LTEuMTc2LS43ODR6Ii8+PHBhdGggZmlsbD0iIzI5MkYzMyIgZD0iTTIyLjAyIDIxLjU5MmMwIDEuNzU4LTMuMjE2IDMuOTc4LTQuMDIgMy45NzgtLjgwMyAwLTQuMDE5LTIuMjIxLTQuMDE5LTMuOTc4QzEzLjk4MSAxOS44MzIgMTYuMjI1IDIwIDE4IDIwczQuMDItLjE2OCA0LjAyIDEuNTkyeiIvPjxwYXRoIGZpbGw9IiNGMzkxMjAiIGQ9Ik0zNC4wMjEgMzEuOTM1Yy0uMjc3IDAtLjU1My0uMTE1LS43NTEtLjMzOS0uMDMtLjAzNS0zLjE4MS0zLjUwMi0xMC40MS00LjYyNC0uNTQ2LS4wODUtLjkyLS41OTYtLjgzNS0xLjE0Mi4wODUtLjU0Ni41OTctLjkxNSAxLjE0Mi0uODM1LjM2Ni4wNTcuNzI0LjExOSAxLjA3Mi4xODcgNy4yNDIgMS40MDQgMTAuMzk5IDQuOTM5IDEwLjUzNiA1LjA5Ni4zNjIuNDE2LjMxOSAxLjA0OC0uMDk3IDEuNDExLS4xODkuMTY1LS40MjMuMjQ2LS42NTcuMjQ2eiIvPjxwYXRoIGZpbGw9IiNGMzkxMjAiIGQ9Ik0yMy4wMTQgMjYuOTgzYy0uNDA2IDAtLjc4OS0uMjUtLjkzOS0uNjUzLS4xOTEtLjUxOS4wNzQtMS4wOTQuNTkyLTEuMjg1IDUuNDc3LTIuMDIzIDEyLjE2MS0uMTg5IDEyLjQ1LS4xMDguNTMyLjE0OC44NDMuNjk5LjY5NSAxLjIzLS4xNDYuNTMyLS42OTcuODQzLTEuMjI5LjY5Ny0uMDY0LS4wMTgtNi4zNTgtMS43MzktMTEuMjIzLjA1OC0uMTE0LjA0Mi0uMjMxLjA2MS0uMzQ2LjA2MXpNMS45ODggMzEuOTM1Yy4yNzcgMCAuNTUzLS4xMTUuNzUxLS4zMzkuMDMtLjAzNSAzLjE4MS0zLjUwMiAxMC40MS00LjYyNC41NDYtLjA4NS45Mi0uNTk2LjgzNS0xLjE0Mi0uMDg1LS41NDYtLjU5Ny0uOTE1LTEuMTQyLS44MzUtLjM2Ni4wNTctLjcyNC4xMTktMS4wNzIuMTg3LTcuMjQyIDEuNDA0LTEwLjM5OSA0LjkzOS0xMC41MzYgNS4wOTYtLjM2Mi40MTYtLjMxOSAxLjA0OC4wOTcgMS40MTEuMTkuMTY1LjQyNC4yNDYuNjU3LjI0NnoiLz48cGF0aCBmaWxsPSIjRjM5MTIwIiBkPSJNMTIuOTk2IDI2Ljk4M2MuNDA2IDAgLjc4OS0uMjUuOTM4LS42NTMuMTkxLS41MTktLjA3NC0xLjA5NC0uNTkyLTEuMjg1LTUuNDc3LTIuMDIzLTEyLjE2MS0uMTg5LTEyLjQ1LS4xMDgtLjUzMi4xNDgtLjg0My42OTktLjY5NSAxLjIzLjE0Ni41MzIuNjk3Ljg0MyAxLjIyOS42OTcuMDY0LS4wMTggNi4zNTgtMS43MzkgMTEuMjIzLjA1OC4xMTUuMDQyLjIzMi4wNjEuMzQ3LjA2MXoiLz48L3N2Zz4=\" alt=\"\" class=\"emoji-icon\" style=\"vertical-align: text-top;\"><img data-v-7c9572d1=\"\" width=\"20\" height=\"20\" src=\"data:image/svg+xml;base64,PHN2ZyB4bWxucz0iaHR0cDovL3d3dy53My5vcmcvMjAwMC9zdmciIHZpZXdCb3g9IjAgMCAzNiAzNiI+PHBhdGggZmlsbD0iI0ZGQ0M0RCIgZD0iTTM2IDE4YzAgOS45NDEtOC4wNTkgMTgtMTggMTgtOS45NCAwLTE4LTguMDU5LTE4LTE4QzAgOC4wNiA4LjA2IDAgMTggMGM5Ljk0MSAwIDE4IDguMDYgMTggMTgiLz48cGF0aCBmaWxsPSIjNjY0NTAwIiBkPSJNMjguNDU3IDE3Ljc5N2MtLjA2LS4xMzUtMS40OTktMy4yOTctNC40NTctMy4yOTctMi45NTcgMC00LjM5NyAzLjE2Mi00LjQ1NyAzLjI5Ny0uMDkyLjIwNy0uMDMyLjQ0OS4xNDUuNTkxLjE3NS4xNDIuNDI2LjE0Ny42MS4wMTQuMDEyLS4wMDkgMS4yNjItLjkwMiAzLjcwMi0uOTAyIDIuNDI2IDAgMy42NzQuODgxIDMuNzAyLjkwMS4wODguMDY2LjE5NC4wOTkuMjk4LjA5OS4xMSAwIC4yMjEtLjAzNy4zMTItLjEwOS4xNzctLjE0Mi4yMzgtLjM4Ni4xNDUtLjU5NHptLTEyIDBjLS4wNi0uMTM1LTEuNDk5LTMuMjk3LTQuNDU3LTMuMjk3LTIuOTU3IDAtNC4zOTcgMy4xNjItNC40NTcgMy4yOTctLjA5Mi4yMDctLjAzMi40NDkuMTQ0LjU5MS4xNzYuMTQyLjQyNy4xNDcuNjEuMDE0LjAxMy0uMDA5IDEuMjYyLS45MDIgMy43MDMtLjkwMiAyLjQyNiAwIDMuNjc0Ljg4MSAzLjcwMi45MDEuMDg4LjA2Ni4xOTQuMDk5LjI5OC4wOTkuMTEgMCAuMjIxLS4wMzcuMzEyLS4xMDkuMTc4LS4xNDIuMjM3LS4zODYuMTQ1LS41OTR6TTE4IDIyYy0zLjYyMyAwLTYuMDI3LS40MjItOS0xLS42NzktLjEzMS0yIDAtMiAyIDAgNCA0LjU5NSA5IDExIDkgNi40MDQgMCAxMS01IDExLTkgMC0yLTEuMzIxLTIuMTMyLTItMi0yLjk3My41NzgtNS4zNzcgMS05IDF6Ii8+PHBhdGggZmlsbD0iI0ZGRiIgZD0iTTkgMjNzMyAxIDkgMSA5LTEgOS0xLTIgNC05IDQtOS00LTktNHoiLz48L3N2Zz4=\" alt=\"\" class=\"emoji-icon\" style=\"vertical-align: text-top;\"><img data-v-7c9572d1=\"\" width=\"20\" height=\"20\" src=\"data:image/svg+xml;base64,PHN2ZyB4bWxucz0iaHR0cDovL3d3dy53My5vcmcvMjAwMC9zdmciIHZpZXdCb3g9IjAgMCAzNiAzNiI+PHBhdGggZmlsbD0iI0ZGQ0M0RCIgZD0iTTM2IDE4YzAgOS45NDEtOC4wNTkgMTgtMTggMTgtOS45NCAwLTE4LTguMDU5LTE4LTE4QzAgOC4wNiA4LjA2IDAgMTggMGM5Ljk0MSAwIDE4IDguMDYgMTggMTgiLz48cGF0aCBmaWxsPSIjNjY0NTAwIiBkPSJNMjguNDU3IDE3Ljc5N2MtLjA2LS4xMzUtMS40OTktMy4yOTctNC40NTctMy4yOTctMi45NTcgMC00LjM5NyAzLjE2Mi00LjQ1NyAzLjI5Ny0uMDkyLjIwNy0uMDMyLjQ0OS4xNDUuNTkxLjE3NS4xNDIuNDI2LjE0Ny42MS4wMTQuMDEyLS4wMDkgMS4yNjItLjkwMiAzLjcwMi0uOTAyIDIuNDI2IDAgMy42NzQuODgxIDMuNzAyLjkwMS4wODguMDY2LjE5NC4wOTkuMjk4LjA5OS4xMSAwIC4yMjEtLjAzNy4zMTItLjEwOS4xNzctLjE0Mi4yMzgtLjM4Ni4xNDUtLjU5NHptLTEyIDBjLS4wNi0uMTM1LTEuNDk5LTMuMjk3LTQuNDU3LTMuMjk3LTIuOTU3IDAtNC4zOTcgMy4xNjItNC40NTcgMy4yOTctLjA5Mi4yMDctLjAzMi40NDkuMTQ0LjU5MS4xNzYuMTQyLjQyNy4xNDcuNjEuMDE0LjAxMy0uMDA5IDEuMjYyLS45MDIgMy43MDMtLjkwMiAyLjQyNiAwIDMuNjc0Ljg4MSAzLjcwMi45MDEuMDg4LjA2Ni4xOTQuMDk5LjI5OC4wOTkuMTEgMCAuMjIxLS4wMzcuMzEyLS4xMDkuMTc4LS4xNDIuMjM3LS4zODYuMTQ1LS41OTR6TTMxIDE2Yy0uMzk2IDAtLjc3Mi0uMjM4LS45MjktLjYyOS0xLjc3OC00LjQ0NS02LjIyMy01LjM4MS02LjI2OC01LjM5MS0uNTQxLS4xMDgtLjg5My0uNjM1LS43ODQtMS4xNzcuMTA4LS41NDIuNjM1LS44OTEgMS4xNzctLjc4NC4yMjYuMDQ1IDUuNTU2IDEuMTY4IDcuNzMyIDYuNjA4LjIwNS41MTMtLjA0NSAxLjA5NS0uNTU4IDEuMy0uMTIuMDUtLjI0Ni4wNzMtLjM3LjA3M3pNNSAxNmMtLjEyNCAwLS4yNDktLjAyMy0uMzcxLS4wNzItLjUxMy0uMjA1LS43NjItLjc4Ny0uNTU3LTEuMyAyLjE3Ni01LjQ0IDcuNTA2LTYuNTYzIDcuNzMyLTYuNjA4LjU0My0uMTA2IDEuMDY4LjI0MyAxLjE3Ny43ODQuMTA4LjU0LS4yNDIgMS4wNjYtLjc4MSAxLjE3Ni0uMTg1LjAzOC00LjUwNi45OC02LjI3MSA1LjM5MS0uMTU3LjM5MS0uNTMzLjYyOS0uOTI5LjYyOXptMTMgNmMtMy42MjMgMC02LjAyNy0uNDIyLTktMS0uNjc5LS4xMzEtMiAwLTIgMiAwIDQgNC41OTUgOSAxMSA5IDYuNDA0IDAgMTEtNSAxMS05IDAtMi0xLjMyMS0yLjEzMi0yLTItMi45NzMuNTc4LTUuMzc3IDEtOSAxeiIvPjxwYXRoIGZpbGw9IiNGRkYiIGQ9Ik05IDIzczMgMSA5IDEgOS0xIDktMS0yIDQtOSA0LTktNC05LTR6Ii8+PHBhdGggZmlsbD0iIzVEQURFQyIgZD0iTTEwLjg0NyAyOC4yMjljLS42OCAyLjY3Ny0zLjQgNC4yOTUtNi4wNzcgMy42MTUtMi42NzYtLjY3OS00LjI5NS0zLjM5OS0zLjYxNi02LjA3Ni42NzktMi42NzcgNi4zMzctOC43MDggNy4zMDctOC40NjIuOTcuMjQ3IDMuMDY1IDguMjQ3IDIuMzg2IDEwLjkyM3ptMTQuMjg2IDBjLjY4IDIuNjc3IDMuNCA0LjI5NSA2LjA3NyAzLjYxNSAyLjY3Ny0uNjc5IDQuMjk2LTMuMzk5IDMuNjE2LTYuMDc2LS42OC0yLjY3Ny02LjMzOC04LjcwOC03LjMwOC04LjQ2Mi0uOTY4LjI0Ny0zLjA2NCA4LjI0Ny0yLjM4NSAxMC45MjN6Ii8+PC9zdmc+\" alt=\"\" class=\"emoji-icon\" style=\"vertical-align: text-top;\"><img data-v-7c9572d1=\"\" width=\"20\" height=\"20\" src=\"data:image/svg+xml;base64,PHN2ZyB4bWxucz0iaHR0cDovL3d3dy53My5vcmcvMjAwMC9zdmciIHZpZXdCb3g9IjAgMCAzNiAzNiI+PHBhdGggZmlsbD0iI0ZGQ0M0RCIgZD0iTTM2IDE4YzAgOS45NDEtOC4wNTkgMTgtMTggMTgtOS45NCAwLTE4LTguMDU5LTE4LTE4QzAgOC4wNiA4LjA2IDAgMTggMGM5Ljk0MSAwIDE4IDguMDYgMTggMTgiLz48ZWxsaXBzZSBmaWxsPSIjNjY0NTAwIiBjeD0iMTEuNSIgY3k9IjEyLjUiIHJ4PSIyLjUiIHJ5PSI1LjUiLz48ZWxsaXBzZSBmaWxsPSIjNjY0NTAwIiBjeD0iMjQuNSIgY3k9IjEyLjUiIHJ4PSIyLjUiIHJ5PSI1LjUiLz48cGF0aCBmaWxsPSIjNjY0NTAwIiBkPSJNMTggMjJjLTMuNjIzIDAtNi4wMjctLjQyMi05LTEtLjY3OS0uMTMxLTIgMC0yIDIgMCA0IDQuNTk1IDkgMTEgOSA2LjQwNCAwIDExLTUgMTEtOSAwLTItMS4zMjEtMi4xMzItMi0yLTIuOTczLjU3OC01LjM3NyAxLTkgMXoiLz48cGF0aCBmaWxsPSIjRkZGIiBkPSJNOSAyM3MzIDEgOSAxIDktMSA5LTEtMiA0LTkgNC05LTQtOS00eiIvPjwvc3ZnPg==\" alt=\"\" class=\"emoji-icon\" style=\"vertical-align: text-top;\"><img data-v-7c9572d1=\"\" width=\"20\" height=\"20\" src=\"data:image/svg+xml;base64,PHN2ZyB4bWxucz0iaHR0cDovL3d3dy53My5vcmcvMjAwMC9zdmciIHZpZXdCb3g9IjAgMCAzNiAzNiI+PHBhdGggZmlsbD0iI0ZGQ0M0RCIgZD0iTTM2IDE4YzAgOS45NDEtOC4wNTkgMTgtMTggMTgtOS45NCAwLTE4LTguMDU5LTE4LTE4QzAgOC4wNiA4LjA2IDAgMTggMGM5Ljk0MSAwIDE4IDguMDYgMTggMTgiLz48cGF0aCBmaWxsPSIjNjY0NTAwIiBkPSJNNiAxM2MtLjU1MiAwLTEtLjQ0OC0xLTEgMC0uNTUxLjQ0NS0uOTk4Ljk5Ni0xIC4xNTYtLjAwMiAzLjU2OS0uMDg2IDYuMjA1LTMuNi4zMzEtLjQ0Ljk1Ny0uNTMyIDEuNC0uMi40NDIuMzMxLjUzMS45NTguMiAxLjRDMTAuNTM4IDEyLjk1IDYuMTg0IDEzIDYgMTN6bTI0IDBjLS4xODQgMC00LjUzNy0uMDUtNy44LTQuNC0uMzMyLS40NDItLjI0Mi0xLjA2OS4yLTEuNC40NDEtLjMzMyAxLjA2Ny0uMjQyIDEuMzk5LjIgMi42NDEgMy41MjEgNi4wNjEgMy41OTkgNi4yMDYgMy42LjU1LjAwNi45OTQuNDU2Ljk5MSAxLjAwNS0uMDAyLjU1MS0uNDQ2Ljk5NS0uOTk2Ljk5NXptLjYgNy4yYy0uMTE0LS4wODYtMS45MzEtMS40MjYtNC42NDYtMi4zNDQuMDI2LS4xMTUuMDQ2LS4yMzMuMDQ2LS4zNTYgMC0uMzY5LS4xMzktLjcwMy0uMzU5LS45NjQgMS44MDItLjUyIDMuMzM0LS41MzYgMy4zNjEtLjUzNi41NTEtLjAwMi45OTgtLjQ1Ljk5Ny0xLjAwMi0uMDAxLS41NTEtLjQ0Ny0uOTk4LS45OTktLjk5OC0uMjIxIDAtNS40NTEuMDM4LTguNzA3IDMuMjkzLS4yODYuMjg2LS4zNzIuNzE2LS4yMTcgMS4wOS4xNTQuMzc0LjUyLjYxNy45MjQuNjE3IDQuNTkgMCA4LjM2MyAyLjc3MiA4LjQwMSAyLjgwMS4xOC4xMzQuMzkuMTk4LjU5OC4xOTguMzA1IDAgLjYwNS0uMTM5LjgwMi0uNC4zMy0uNDQzLjI0LTEuMDY4LS4yMDEtMS4zOTl6bS0xNC44OTMtMi45MDdDMTIuNDUyIDE0LjAzOCA3LjIyMSAxNCA3IDE0Yy0uNTUyIDAtLjk5OS40NDctLjk5OS45OTgtLjAwMS41NTIuNDQ2IDEgLjk5OCAxLjAwMi4wMjYgMCAxLjU1OC4wMTYgMy4zNjEuNTM2LS4yMjEuMjYxLS4zNi41OTUtLjM2Ljk2NCAwIC4xMjMuMDE5LjI0MS4wNDcuMzU2LTIuNzE2LjkxOC00LjUzMyAyLjI1OC00LjY0NyAyLjM0NC0uNDQyLjMzMS0uNTMxLjk1OC0uMiAxLjM5OS4xOTYuMjYzLjQ5Ny40MDEuODAxLjQwMS4yMDggMCAuNDE5LS4wNjUuNTk5LS4yLjAzNy0uMDI4IDMuNzg3LTIuOCA4LjQtMi44LjQwNCAwIC43NjktLjI0My45MjQtLjYxNy4xNTUtLjM3NC4wNjktLjgwNC0uMjE3LTEuMDl6TTE4IDMwYy0uMzA0IDAtLjU5MS0uMTM4LS43ODEtLjM3NWwtMy4xOTQtMy45OTJMMTEuOCAyOC42Yy0uMTc0LjIzMi0uNDQuMzc3LS43MjkuMzk3LS4yOS4wMjEtLjU3NC0uMDg1LS43NzgtLjI5bC0xLTFjLS4zOTEtLjM5MS0uMzkxLTEuMDIzIDAtMS40MTRzMS4wMjMtLjM5MSAxLjQxNCAwbC4xODUuMTg1TDEzLjIgMjMuNGMuMTg2LS4yNDguNDc1LS4zOTYuNzg0LS40LjI5NS0uMDEuNjAzLjEzMy43OTYuMzc1TDE4IDI3LjM5OWwzLjIxOS00LjAyNGMuMTkzLS4yNDEuNDg0LS4zNzUuNzk3LS4zNzUuMzEuMDA1LjU5OS4xNTIuNzg0LjRsMi4zMDkgMy4wNzcuMTg1LS4xODVjLjM5MS0uMzkxIDEuMDIzLS4zOTEgMS40MTQgMHMuMzkxIDEuMDIzIDAgMS40MTRsLTEgMWMtLjIwNS4yMDUtLjQ3OS4zMTQtLjc3OC4yOS0uMjg5LS4wMjEtLjU1NS0uMTY1LS43MjktLjM5N2wtMi4yMjYtMi45NjctMy4xOTMgMy45OTJjLS4xOTEuMjM4LS40NzguMzc2LS43ODIuMzc2eiIvPjwvc3ZnPg==\" alt=\"\" class=\"emoji-icon\" style=\"vertical-align: text-top;\">', '', '', '', '2022-02-13 17:32:56', '');
INSERT INTO `zy_comments` VALUES ('da4d3926546492f9ecde91107a9f18d0', 'c4db600ee5d7c3e6a191441bf79aa827', 'a9c03176427cedd08c5153705aa876b9', '841e11fe6a1e0e544003f49e6d9e8e86', '匿名2', 'http://localhost:5220/zy-server/public/images?id=164466183089025c842ff5fae3.jpg', '范德萨范德萨', '14a3a49dbafe8e769517853575a37806', '匿名2', 'http://localhost:5220/zy-server/public/images?id=164466183089025c842ff5fae3.jpg', '2022-02-13 17:53:31', '');
INSERT INTO `zy_comments` VALUES ('df4642ff0b7afb954aa56b493f9082e7', '0aee5066c079e18ef9e658492d1cc3d2', '0', '057b7cb842eb7eafa00b557c2c5cb825', '匿名', 'http://localhost:5220/zy-server/public/images?id=164466183089025c842ff5fae3.jpg', '感到舒服的沙发', '', '', '', '2022-02-13 17:36:44', '');
INSERT INTO `zy_comments` VALUES ('e90b09e248383264da2ec7b04899c034', '2df8c9315be2732c1e21829df096412b', '0', '7d73827b604d6da756397fb569ea63c7', '匿名', 'http://localhost:5220/zy-server/public/images?id=164466183089025c842ff5fae3.jpg', '我是第一个<img data-v-7c9572d1=\"\" width=\"20\" height=\"20\" src=\"data:image/svg+xml;base64,PHN2ZyB4bWxucz0iaHR0cDovL3d3dy53My5vcmcvMjAwMC9zdmciIHZpZXdCb3g9IjAgMCAzNiAzNiI+PHBhdGggZmlsbD0iI0ZGQ0I0RSIgZD0iTTMzIDE3YzEuMDcyLTYuMDg0IDEuMjYyLTE1LjA0OCAwLTE1Ljg2NEMzMS43MzguMzIyIDIyLjkyOCAzLjM1MyAyMS4wODYgNy40IDIwLjA4MSA3LjEzMiAxOCA3IDE4IDdzLTIuMDEzLjEzMi0zLjAxNy4zOTlDMTMuMTQgMy4zNTIgNC4yNjEuMzIxIDMgMS4xMzYgMS43MzggMS45NTIgMS45MjYgMTAuOTE2IDMgMTdjMCAwLS45NjcgMS45NzktLjk2NyA4Ljk1bDE2LTMuOTY3IDE2IDRDMzQuMDMzIDE4Ljk3OSAzMyAxNyAzMyAxN3oiLz48cGF0aCBmaWxsPSIjRkZEODgyIiBkPSJNMjMuOTQ2IDE5LjI4MmMtMi4wODUgMC00LjI3My40NzctNS45MTMgMS4yODEtMS42MzktLjgwNS0zLjgyNy0xLjI4MS01LjkxMi0xLjI4MS05LjkzMiAwLTEwLjA4OCA1LjEtMTAuMDg4IDYuNjY0QzIuMDMzIDI3LjUwNSA0IDM1Ljk3OSAxOCAzNS45NzlzMTYuMDMzLTguNDQxIDE2LjAzMy0xMGMwLTEuNTY0LS4xNTYtNi42OTctMTAuMDg3LTYuNjk3eiIvPjxwYXRoIGZpbGw9IiNGMjhGMjAiIGQ9Ik0yMy40MDYgOC4wNTRjMi4xNy0yLjM4MyA2LjY4MS00LjE3MiA3LjYwNy0zLjk0NS43NTIuMTgyLjYzNSA2LjM4Ny4wMzEgOS45MzgtMi41NjItNC4yNTEtNy42MzgtNS45OTMtNy42MzgtNS45OTN6bS0xMC43NDYgMGMtMi4xNjgtMi4zODMtNi42OC00LjE3Mi03LjYwNi0zLjk0NS0uNzU0LjE4Mi0uNjM3IDYuMzg3LS4wMzEgOS45MzggMi41NjMtNC4yNTEgNy42MzctNS45OTMgNy42MzctNS45OTN6Ii8+PHBhdGggZmlsbD0iI0ZBQUEzNSIgZD0iTTIyLjA0IDIwYzAtNC42OTMtMS44MDktMTMtNC4wNC0xM3MtNC4wNCA4LjMwNy00LjA0IDEzYzAgNC42OTUgMS44MDkgMiA0LjA0IDJzNC4wNCAyLjY5NSA0LjA0LTJ6Ii8+PHBhdGggZmlsbD0iIzJBMkYzMyIgZD0iTTE1LjAxOSAxNi45OTljMCAxLjEwNS0uOTA0IDItMi4wMTkgMnMtMi4wMTktLjg5NS0yLjAxOS0yYzAtMS4xMDQuOTA0LTEuOTk4IDIuMDE5LTEuOTk4czIuMDE5Ljg5NSAyLjAxOSAxLjk5OHptMTAuMDIuMDAxYzAgMS4xMDUtLjkwNCAyLTIuMDIgMkMyMS45MDQgMTkgMjEgMTguMTA1IDIxIDE3YzAtMS4xMDQuOTA0LTEuOTk4IDIuMDItMS45OTggMS4xMTUgMCAyLjAxOS44OTQgMi4wMTkgMS45OTh6Ii8+PHBhdGggZmlsbD0iI0YyOEYyMCIgZD0iTTIzLjgwNCAyOC44OTVjLTMuNDg4LjY5Ni00LjU1LS43ODUtNC43ODQtMS4yMjlWMjVjMC0uNTUzLS40NDctMS0xLTEtLjU1MyAwLTEgLjQ0Ny0xIDF2Mi42NTljLS4yNDYuNDUyLTEuMzM4IDEuOTMxLTQuODIzIDEuMjM2LS41NDgtLjExMy0xLjA2OS4yNDMtMS4xNzcuNzg0LS4xMDguNTQyLjI0MyAxLjA2OC43ODQgMS4xNzcuNzkuMTU4IDEuNDk1LjIyNyAyLjEyNy4yMjcgMi4wNzggMCAzLjMzOS0uNzQxIDQuMDgxLTEuNDczLjczNS43MzMgMS45ODYgMS40NzMgNC4wNTggMS40NzMuNjMxIDAgMS4zMzctLjA2OCAyLjEyNi0uMjI3LjU0MS0uMTA4Ljg5My0uNjM1Ljc4NC0xLjE3Ny0uMTA3LS41NDEtLjYyOS0uODk3LTEuMTc2LS43ODR6Ii8+PHBhdGggZmlsbD0iIzI5MkYzMyIgZD0iTTIyLjAyIDIxLjU5MmMwIDEuNzU4LTMuMjE2IDMuOTc4LTQuMDIgMy45NzgtLjgwMyAwLTQuMDE5LTIuMjIxLTQuMDE5LTMuOTc4QzEzLjk4MSAxOS44MzIgMTYuMjI1IDIwIDE4IDIwczQuMDItLjE2OCA0LjAyIDEuNTkyeiIvPjxwYXRoIGZpbGw9IiNGMzkxMjAiIGQ9Ik0zNC4wMjEgMzEuOTM1Yy0uMjc3IDAtLjU1My0uMTE1LS43NTEtLjMzOS0uMDMtLjAzNS0zLjE4MS0zLjUwMi0xMC40MS00LjYyNC0uNTQ2LS4wODUtLjkyLS41OTYtLjgzNS0xLjE0Mi4wODUtLjU0Ni41OTctLjkxNSAxLjE0Mi0uODM1LjM2Ni4wNTcuNzI0LjExOSAxLjA3Mi4xODcgNy4yNDIgMS40MDQgMTAuMzk5IDQuOTM5IDEwLjUzNiA1LjA5Ni4zNjIuNDE2LjMxOSAxLjA0OC0uMDk3IDEuNDExLS4xODkuMTY1LS40MjMuMjQ2LS42NTcuMjQ2eiIvPjxwYXRoIGZpbGw9IiNGMzkxMjAiIGQ9Ik0yMy4wMTQgMjYuOTgzYy0uNDA2IDAtLjc4OS0uMjUtLjkzOS0uNjUzLS4xOTEtLjUxOS4wNzQtMS4wOTQuNTkyLTEuMjg1IDUuNDc3LTIuMDIzIDEyLjE2MS0uMTg5IDEyLjQ1LS4xMDguNTMyLjE0OC44NDMuNjk5LjY5NSAxLjIzLS4xNDYuNTMyLS42OTcuODQzLTEuMjI5LjY5Ny0uMDY0LS4wMTgtNi4zNTgtMS43MzktMTEuMjIzLjA1OC0uMTE0LjA0Mi0uMjMxLjA2MS0uMzQ2LjA2MXpNMS45ODggMzEuOTM1Yy4yNzcgMCAuNTUzLS4xMTUuNzUxLS4zMzkuMDMtLjAzNSAzLjE4MS0zLjUwMiAxMC40MS00LjYyNC41NDYtLjA4NS45Mi0uNTk2LjgzNS0xLjE0Mi0uMDg1LS41NDYtLjU5Ny0uOTE1LTEuMTQyLS44MzUtLjM2Ni4wNTctLjcyNC4xMTktMS4wNzIuMTg3LTcuMjQyIDEuNDA0LTEwLjM5OSA0LjkzOS0xMC41MzYgNS4wOTYtLjM2Mi40MTYtLjMxOSAxLjA0OC4wOTcgMS40MTEuMTkuMTY1LjQyNC4yNDYuNjU3LjI0NnoiLz48cGF0aCBmaWxsPSIjRjM5MTIwIiBkPSJNMTIuOTk2IDI2Ljk4M2MuNDA2IDAgLjc4OS0uMjUuOTM4LS42NTMuMTkxLS41MTktLjA3NC0xLjA5NC0uNTkyLTEuMjg1LTUuNDc3LTIuMDIzLTEyLjE2MS0uMTg5LTEyLjQ1LS4xMDgtLjUzMi4xNDgtLjg0My42OTktLjY5NSAxLjIzLjE0Ni41MzIuNjk3Ljg0MyAxLjIyOS42OTcuMDY0LS4wMTggNi4zNTgtMS43MzkgMTEuMjIzLjA1OC4xMTUuMDQyLjIzMi4wNjEuMzQ3LjA2MXoiLz48L3N2Zz4=\" alt=\"\" class=\"emoji-icon\" style=\"vertical-align: text-top;\"><img data-v-7c9572d1=\"\" width=\"20\" height=\"20\" src=\"data:image/svg+xml;base64,PHN2ZyB4bWxucz0iaHR0cDovL3d3dy53My5vcmcvMjAwMC9zdmciIHZpZXdCb3g9IjAgMCAzNiAzNiI+PHBhdGggZmlsbD0iI0ZGQ0M0RCIgZD0iTTM2IDE4YzAgOS45NDEtOC4wNTkgMTgtMTggMTgtOS45NCAwLTE4LTguMDU5LTE4LTE4QzAgOC4wNiA4LjA2IDAgMTggMGM5Ljk0MSAwIDE4IDguMDYgMTggMTgiLz48cGF0aCBmaWxsPSIjNjY0NTAwIiBkPSJNMjguNDU3IDE3Ljc5N2MtLjA2LS4xMzUtMS40OTktMy4yOTctNC40NTctMy4yOTctMi45NTcgMC00LjM5NyAzLjE2Mi00LjQ1NyAzLjI5Ny0uMDkyLjIwNy0uMDMyLjQ0OS4xNDUuNTkxLjE3NS4xNDIuNDI2LjE0Ny42MS4wMTQuMDEyLS4wMDkgMS4yNjItLjkwMiAzLjcwMi0uOTAyIDIuNDI2IDAgMy42NzQuODgxIDMuNzAyLjkwMS4wODguMDY2LjE5NC4wOTkuMjk4LjA5OS4xMSAwIC4yMjEtLjAzNy4zMTItLjEwOS4xNzctLjE0Mi4yMzgtLjM4Ni4xNDUtLjU5NHptLTEyIDBjLS4wNi0uMTM1LTEuNDk5LTMuMjk3LTQuNDU3LTMuMjk3LTIuOTU3IDAtNC4zOTcgMy4xNjItNC40NTcgMy4yOTctLjA5Mi4yMDctLjAzMi40NDkuMTQ0LjU5MS4xNzYuMTQyLjQyNy4xNDcuNjEuMDE0LjAxMy0uMDA5IDEuMjYyLS45MDIgMy43MDMtLjkwMiAyLjQyNiAwIDMuNjc0Ljg4MSAzLjcwMi45MDEuMDg4LjA2Ni4xOTQuMDk5LjI5OC4wOTkuMTEgMCAuMjIxLS4wMzcuMzEyLS4xMDkuMTc4LS4xNDIuMjM3LS4zODYuMTQ1LS41OTR6TTE4IDIyYy0zLjYyMyAwLTYuMDI3LS40MjItOS0xLS42NzktLjEzMS0yIDAtMiAyIDAgNCA0LjU5NSA5IDExIDkgNi40MDQgMCAxMS01IDExLTkgMC0yLTEuMzIxLTIuMTMyLTItMi0yLjk3My41NzgtNS4zNzcgMS05IDF6Ii8+PHBhdGggZmlsbD0iI0ZGRiIgZD0iTTkgMjNzMyAxIDkgMSA5LTEgOS0xLTIgNC05IDQtOS00LTktNHoiLz48L3N2Zz4=\" alt=\"\" class=\"emoji-icon\" style=\"vertical-align: text-top;\"><img data-v-7c9572d1=\"\" width=\"20\" height=\"20\" src=\"data:image/svg+xml;base64,PHN2ZyB4bWxucz0iaHR0cDovL3d3dy53My5vcmcvMjAwMC9zdmciIHZpZXdCb3g9IjAgMCAzNiAzNiI+PHBhdGggZmlsbD0iI0ZGQ0M0RCIgZD0iTTM2IDE4YzAgOS45NDEtOC4wNTkgMTgtMTggMTgtOS45NCAwLTE4LTguMDU5LTE4LTE4QzAgOC4wNiA4LjA2IDAgMTggMGM5Ljk0MSAwIDE4IDguMDYgMTggMTgiLz48cGF0aCBmaWxsPSIjNjY0NTAwIiBkPSJNMjguNDU3IDE3Ljc5N2MtLjA2LS4xMzUtMS40OTktMy4yOTctNC40NTctMy4yOTctMi45NTcgMC00LjM5NyAzLjE2Mi00LjQ1NyAzLjI5Ny0uMDkyLjIwNy0uMDMyLjQ0OS4xNDUuNTkxLjE3NS4xNDIuNDI2LjE0Ny42MS4wMTQuMDEyLS4wMDkgMS4yNjItLjkwMiAzLjcwMi0uOTAyIDIuNDI2IDAgMy42NzQuODgxIDMuNzAyLjkwMS4wODguMDY2LjE5NC4wOTkuMjk4LjA5OS4xMSAwIC4yMjEtLjAzNy4zMTItLjEwOS4xNzctLjE0Mi4yMzgtLjM4Ni4xNDUtLjU5NHptLTEyIDBjLS4wNi0uMTM1LTEuNDk5LTMuMjk3LTQuNDU3LTMuMjk3LTIuOTU3IDAtNC4zOTcgMy4xNjItNC40NTcgMy4yOTctLjA5Mi4yMDctLjAzMi40NDkuMTQ0LjU5MS4xNzYuMTQyLjQyNy4xNDcuNjEuMDE0LjAxMy0uMDA5IDEuMjYyLS45MDIgMy43MDMtLjkwMiAyLjQyNiAwIDMuNjc0Ljg4MSAzLjcwMi45MDEuMDg4LjA2Ni4xOTQuMDk5LjI5OC4wOTkuMTEgMCAuMjIxLS4wMzcuMzEyLS4xMDkuMTc4LS4xNDIuMjM3LS4zODYuMTQ1LS41OTR6TTMxIDE2Yy0uMzk2IDAtLjc3Mi0uMjM4LS45MjktLjYyOS0xLjc3OC00LjQ0NS02LjIyMy01LjM4MS02LjI2OC01LjM5MS0uNTQxLS4xMDgtLjg5My0uNjM1LS43ODQtMS4xNzcuMTA4LS41NDIuNjM1LS44OTEgMS4xNzctLjc4NC4yMjYuMDQ1IDUuNTU2IDEuMTY4IDcuNzMyIDYuNjA4LjIwNS41MTMtLjA0NSAxLjA5NS0uNTU4IDEuMy0uMTIuMDUtLjI0Ni4wNzMtLjM3LjA3M3pNNSAxNmMtLjEyNCAwLS4yNDktLjAyMy0uMzcxLS4wNzItLjUxMy0uMjA1LS43NjItLjc4Ny0uNTU3LTEuMyAyLjE3Ni01LjQ0IDcuNTA2LTYuNTYzIDcuNzMyLTYuNjA4LjU0My0uMTA2IDEuMDY4LjI0MyAxLjE3Ny43ODQuMTA4LjU0LS4yNDIgMS4wNjYtLjc4MSAxLjE3Ni0uMTg1LjAzOC00LjUwNi45OC02LjI3MSA1LjM5MS0uMTU3LjM5MS0uNTMzLjYyOS0uOTI5LjYyOXptMTMgNmMtMy42MjMgMC02LjAyNy0uNDIyLTktMS0uNjc5LS4xMzEtMiAwLTIgMiAwIDQgNC41OTUgOSAxMSA5IDYuNDA0IDAgMTEtNSAxMS05IDAtMi0xLjMyMS0yLjEzMi0yLTItMi45NzMuNTc4LTUuMzc3IDEtOSAxeiIvPjxwYXRoIGZpbGw9IiNGRkYiIGQ9Ik05IDIzczMgMSA5IDEgOS0xIDktMS0yIDQtOSA0LTktNC05LTR6Ii8+PHBhdGggZmlsbD0iIzVEQURFQyIgZD0iTTEwLjg0NyAyOC4yMjljLS42OCAyLjY3Ny0zLjQgNC4yOTUtNi4wNzcgMy42MTUtMi42NzYtLjY3OS00LjI5NS0zLjM5OS0zLjYxNi02LjA3Ni42NzktMi42NzcgNi4zMzctOC43MDggNy4zMDctOC40NjIuOTcuMjQ3IDMuMDY1IDguMjQ3IDIuMzg2IDEwLjkyM3ptMTQuMjg2IDBjLjY4IDIuNjc3IDMuNCA0LjI5NSA2LjA3NyAzLjYxNSAyLjY3Ny0uNjc5IDQuMjk2LTMuMzk5IDMuNjE2LTYuMDc2LS42OC0yLjY3Ny02LjMzOC04LjcwOC03LjMwOC04LjQ2Mi0uOTY4LjI0Ny0zLjA2NCA4LjI0Ny0yLjM4NSAxMC45MjN6Ii8+PC9zdmc+\" alt=\"\" class=\"emoji-icon\" style=\"vertical-align: text-top;\"><img data-v-7c9572d1=\"\" width=\"20\" height=\"20\" src=\"data:image/svg+xml;base64,PHN2ZyB4bWxucz0iaHR0cDovL3d3dy53My5vcmcvMjAwMC9zdmciIHZpZXdCb3g9IjAgMCAzNiAzNiI+PHBhdGggZmlsbD0iI0ZGQ0M0RCIgZD0iTTM2IDE4YzAgOS45NDEtOC4wNTkgMTgtMTggMTgtOS45NCAwLTE4LTguMDU5LTE4LTE4QzAgOC4wNiA4LjA2IDAgMTggMGM5Ljk0MSAwIDE4IDguMDYgMTggMTgiLz48ZWxsaXBzZSBmaWxsPSIjNjY0NTAwIiBjeD0iMTEuNSIgY3k9IjEyLjUiIHJ4PSIyLjUiIHJ5PSI1LjUiLz48ZWxsaXBzZSBmaWxsPSIjNjY0NTAwIiBjeD0iMjQuNSIgY3k9IjEyLjUiIHJ4PSIyLjUiIHJ5PSI1LjUiLz48cGF0aCBmaWxsPSIjNjY0NTAwIiBkPSJNMTggMjJjLTMuNjIzIDAtNi4wMjctLjQyMi05LTEtLjY3OS0uMTMxLTIgMC0yIDIgMCA0IDQuNTk1IDkgMTEgOSA2LjQwNCAwIDExLTUgMTEtOSAwLTItMS4zMjEtMi4xMzItMi0yLTIuOTczLjU3OC01LjM3NyAxLTkgMXoiLz48cGF0aCBmaWxsPSIjRkZGIiBkPSJNOSAyM3MzIDEgOSAxIDktMSA5LTEtMiA0LTkgNC05LTQtOS00eiIvPjwvc3ZnPg==\" alt=\"\" class=\"emoji-icon\" style=\"vertical-align: text-top;\"><img data-v-7c9572d1=\"\" width=\"20\" height=\"20\" src=\"data:image/svg+xml;base64,PHN2ZyB4bWxucz0iaHR0cDovL3d3dy53My5vcmcvMjAwMC9zdmciIHZpZXdCb3g9IjAgMCAzNiAzNiI+PHBhdGggZmlsbD0iI0ZGQ0M0RCIgZD0iTTM2IDE4YzAgOS45NDEtOC4wNTkgMTgtMTggMTgtOS45NCAwLTE4LTguMDU5LTE4LTE4QzAgOC4wNiA4LjA2IDAgMTggMGM5Ljk0MSAwIDE4IDguMDYgMTggMTgiLz48cGF0aCBmaWxsPSIjNjY0NTAwIiBkPSJNNiAxM2MtLjU1MiAwLTEtLjQ0OC0xLTEgMC0uNTUxLjQ0NS0uOTk4Ljk5Ni0xIC4xNTYtLjAwMiAzLjU2OS0uMDg2IDYuMjA1LTMuNi4zMzEtLjQ0Ljk1Ny0uNTMyIDEuNC0uMi40NDIuMzMxLjUzMS45NTguMiAxLjRDMTAuNTM4IDEyLjk1IDYuMTg0IDEzIDYgMTN6bTI0IDBjLS4xODQgMC00LjUzNy0uMDUtNy44LTQuNC0uMzMyLS40NDItLjI0Mi0xLjA2OS4yLTEuNC40NDEtLjMzMyAxLjA2Ny0uMjQyIDEuMzk5LjIgMi42NDEgMy41MjEgNi4wNjEgMy41OTkgNi4yMDYgMy42LjU1LjAwNi45OTQuNDU2Ljk5MSAxLjAwNS0uMDAyLjU1MS0uNDQ2Ljk5NS0uOTk2Ljk5NXptLjYgNy4yYy0uMTE0LS4wODYtMS45MzEtMS40MjYtNC42NDYtMi4zNDQuMDI2LS4xMTUuMDQ2LS4yMzMuMDQ2LS4zNTYgMC0uMzY5LS4xMzktLjcwMy0uMzU5LS45NjQgMS44MDItLjUyIDMuMzM0LS41MzYgMy4zNjEtLjUzNi41NTEtLjAwMi45OTgtLjQ1Ljk5Ny0xLjAwMi0uMDAxLS41NTEtLjQ0Ny0uOTk4LS45OTktLjk5OC0uMjIxIDAtNS40NTEuMDM4LTguNzA3IDMuMjkzLS4yODYuMjg2LS4zNzIuNzE2LS4yMTcgMS4wOS4xNTQuMzc0LjUyLjYxNy45MjQuNjE3IDQuNTkgMCA4LjM2MyAyLjc3MiA4LjQwMSAyLjgwMS4xOC4xMzQuMzkuMTk4LjU5OC4xOTguMzA1IDAgLjYwNS0uMTM5LjgwMi0uNC4zMy0uNDQzLjI0LTEuMDY4LS4yMDEtMS4zOTl6bS0xNC44OTMtMi45MDdDMTIuNDUyIDE0LjAzOCA3LjIyMSAxNCA3IDE0Yy0uNTUyIDAtLjk5OS40NDctLjk5OS45OTgtLjAwMS41NTIuNDQ2IDEgLjk5OCAxLjAwMi4wMjYgMCAxLjU1OC4wMTYgMy4zNjEuNTM2LS4yMjEuMjYxLS4zNi41OTUtLjM2Ljk2NCAwIC4xMjMuMDE5LjI0MS4wNDcuMzU2LTIuNzE2LjkxOC00LjUzMyAyLjI1OC00LjY0NyAyLjM0NC0uNDQyLjMzMS0uNTMxLjk1OC0uMiAxLjM5OS4xOTYuMjYzLjQ5Ny40MDEuODAxLjQwMS4yMDggMCAuNDE5LS4wNjUuNTk5LS4yLjAzNy0uMDI4IDMuNzg3LTIuOCA4LjQtMi44LjQwNCAwIC43NjktLjI0My45MjQtLjYxNy4xNTUtLjM3NC4wNjktLjgwNC0uMjE3LTEuMDl6TTE4IDMwYy0uMzA0IDAtLjU5MS0uMTM4LS43ODEtLjM3NWwtMy4xOTQtMy45OTJMMTEuOCAyOC42Yy0uMTc0LjIzMi0uNDQuMzc3LS43MjkuMzk3LS4yOS4wMjEtLjU3NC0uMDg1LS43NzgtLjI5bC0xLTFjLS4zOTEtLjM5MS0uMzkxLTEuMDIzIDAtMS40MTRzMS4wMjMtLjM5MSAxLjQxNCAwbC4xODUuMTg1TDEzLjIgMjMuNGMuMTg2LS4yNDguNDc1LS4zOTYuNzg0LS40LjI5NS0uMDEuNjAzLjEzMy43OTYuMzc1TDE4IDI3LjM5OWwzLjIxOS00LjAyNGMuMTkzLS4yNDEuNDg0LS4zNzUuNzk3LS4zNzUuMzEuMDA1LjU5OS4xNTIuNzg0LjRsMi4zMDkgMy4wNzcuMTg1LS4xODVjLjM5MS0uMzkxIDEuMDIzLS4zOTEgMS40MTQgMHMuMzkxIDEuMDIzIDAgMS40MTRsLTEgMWMtLjIwNS4yMDUtLjQ3OS4zMTQtLjc3OC4yOS0uMjg5LS4wMjEtLjU1NS0uMTY1LS43MjktLjM5N2wtMi4yMjYtMi45NjctMy4xOTMgMy45OTJjLS4xOTEuMjM4LS40NzguMzc2LS43ODIuMzc2eiIvPjwvc3ZnPg==\" alt=\"\" class=\"emoji-icon\" style=\"vertical-align: text-top;\">', '', '', '', '2022-02-13 17:31:55', '');

SET FOREIGN_KEY_CHECKS = 1;
